:020000040800F2
:10000000481100206D02000801770008AD66000865
:10001000956E000805040008C59F00080000000058
:100020000000000000000000000000000180000847
:10003000F1060008000000003D7900080580000876
:1000400089020008890200088902000800000000F7
:1000500089020008890200088902000800000000E7
:1000600089020008890200080000000089020008D7
:100070008902000889020008890200088902000834
:100080008902000889020008890200088902000824
:100090008902000889020008890200088902000814
:1000A000890200088902000889020008110A000874
:1000B00089020008890200088902000889020008F4
:1000C00089020008890200088902000889020008E4
:1000D0000000000089020008890200088902000867
:1000E00089020008890200088902000889020008C4
:1000F0008902000889020008890200080000000047
:100100000000000089020008890200088902000836
:100110008902000889020008890200088902000893
:100120008902000889020008D99D0008E59D0008A1
:10013000F19D000800000000000000008902000896
:10014000890200080000000000000000000000001C
:10015000000000000000000089020008000000000C
:100160000000000000000000890200088902000869
:10017000000000000000000000000000000000007F
:10018000000000000000000000000000000000006F
:10019000000000000000000000000000000000005F
:1001A0000000000000000000890200088902000829
:1001B00089020008890200088902000889020008F3
:1001C0008902000889020008000000000000000009
:1001D000000000000000000000000000890200088C
:1001E000890200080000000000000000000000007C
:1001F00000000000000000000000000000000000FF
:1002000000000000890200088902000800000000C8
:10021000000000008902000800000000000000004B
:10022000000000000000000000000000890200083B
:10023000890200080000000000000000000000002B
:10024000000000000000000000000000890200081B
:100250008902000889020008DFF80CD000F08EF84F
:1002600000480047D5AB00084811002007488047E8
:1002700007480047FEE7FEE7FEE7FEE7FEE7FEE78A
:10028000FEE7FEE7FEE7FEE7FEE70000E18000088C
:10029000590200082DE9F05F0546002092469B4672
:1002A00088460646814640241BE02846414647468C
:1002B000224600F053F853465A46C01A914110D3D3
:1002C00011461846224600F03AF82D1A67EB01084D
:1002D0004F4622460120002100F031F817EB0009BB
:1002E0004E41201EA4F10104DFDC484631462A4677
:1002F0004346BDE8F09F40EA01039B0703D009E0B5
:1003000008C9121F08C0042AFAD203E011F8013B01
:1003100000F8013B521EF9D27047D2B201E000F85A
:10032000012B491EFBD270470022F6E710B5134699
:100330000A4604461946FFF7F0FF204610BD202A62
:1003400004DB203A00FA02F1002070479140C2F12C
:10035000200320FA03F3194390407047202A04DB5E
:10036000203A21FA02F00021704721FA02F3D0402E
:10037000C2F1200291400843194670471CB5094854
:100380000090094801900546009C06E0E06840F0B6
:10039000010394E8070098471034AC42F6D3FFF706
:1003A0005FFF0000B8BB0008D8BB000870B58C1810
:1003B00010F8015B15F0070301D110F8013B2A1179
:1003C00006D110F8012B03E010F8016B01F8016B66
:1003D0005B1EF9D12B0705D40023521E0DD401F862
:1003E000013BFAE710F8013BCB1A921C03E013F82B
:1003F000015B01F8015B521EF9D5A142D8D3002060
:1004000070BD0000FEE7000070B540F2E435C2F2B6
:100410000005687A40F2D44601210128C2F20006A4
:10042000E97113D040F22821C2F2000109780429B1
:100430000CD140F22921C2F200010978032905D12B
:10044000012068720020286502E000BF00284AD021
:10045000688A40F6E41401306882C2F2000440F277
:10046000EC1004F12002C2F20000214606F014FD57
:10047000012838D1D6E90713B06A228E9042A1EB49
:10048000030101D891420ED2628E904201D891426E
:1004900009D2A28E904201D8914204D2E28E9042BB
:1004A00005D8914203D301222A6500226A72228F65
:1004B000904201D891421AD2628F904201D8914263
:1004C00015D2A28F904201D8914210D2E28F002320
:1004D00092B290424FF0000098BF0120914228BF95
:1004E0000123184203D1286D012818BF70BD688A06
:1004F000012100EB80000022A0F5FA70C5E912107E
:10050000F16AA5F8072081422A656A7200D170BDA0
:10051000F062BDE870400AF0DBBE00002DE9F04358
:10052000D2F800C0D0F808E0002953D0BEF1000F87
:100530004FF0000464D04FF6FC7311EA03094FF04A
:1005400000074FF0000300F0B58005684FF6FC731C
:100550002B40BEF1020F4FF0010455D34B4553D051
:100560004FF6FF7425EA040605274FF6FC7800BF16
:1005700046EA030454F82C50FC1E744505EA0805AD
:100580004ED24D454CD046EA050353F82C30BC1EE4
:10059000744503EA08031AD24B4518D046EA03040F
:1005A00054F82C507C1E744505EA080538D24D4598
:1005B00036D046EA050353F82C30774503EA0803A2
:1005C00007F1040402D24B452746D1D1043C1F4613
:1005D0002B466FE0BEF1000F1AD004684FF6FC7591
:1005E000BEF1010304EA050716D04FF6FF75AC43D0
:1005F000AEF10205032D03F0030813D230E000BF73
:100600000027002356E000BF1F46002352E000BF32
:1006100000230027002456E00124002353E000BFFC
:100620002F4647E023F003054FF6FC7644EA070324
:1006300053F82C30043D03EA060343EA040353F85D
:100640002C3003EA060343EA040353F82C3003EA90
:10065000060344EA030757F82C7007EA0607E5D1BA
:100660003D46B8F1000F24D044EA050353F82C604E
:100670004FF6FC73B8F1010F06EA030604D1744685
:1006800037462B4616E000BF44EA060555F82C50C5
:10069000B8F1020F03EA050304D174461F4633463E
:1006A00008E000BF1C4354F82C404FF6FC7504EAE8
:1006B0000507744639B14FF6FC7631408F421CBFB6
:1006C0000120BDE8F0834088946043EA004147EA96
:1006D00000435160D36053F82C1029B14FF6FC73DE
:1006E00000041940084310610020BDE8F0830000B9
:1006F000704700002DE9F04F81B040F2E439C2F2BA
:100700000009002009F15404C9F8240020460AF029
:1007100007FA58B940F2D441C2F20001B9F85400C6
:100720008969814202D2012141E000BF20460AF0DE
:10073000F7F958B940F2D441C2F20001B9F85400B7
:100740008969814202D2022131E000BF20460AF0CD
:10075000E7F958B940F2D441C2F20001B9F85400A7
:100760008969814202D2032121E000BF20460AF0BC
:10077000D7F958B940F2D441C2F20001B9F8540097
:100780008969814202D2042111E000BF20460AF0AB
:10079000C7F9002840F08C8040F2D441C2F2000139
:1007A000B9F854008969814280F082800521D9F826
:1007B00024201044C9F8240030B1B0FBF1F001222C
:1007C000C9F82C20C9F82400D9F8301051B1D9F853
:1007D0002C0001284FF0000008BF012970D001B0A3
:1007E000BDE8F08F40F6A414C2F2000440F2EC1809
:1007F00040F2006A00264FF6147704F12005C2F299
:100800000008C2F2000A4FF0000B00BF404621462C
:100810002A4606F041FB012840D1208EB8423ABF5B
:10082000CAF8200001360020618EB9423EBFCAF8E6
:10083000241008440136A18EB9423EBFCAF82810E0
:1008400008440136E18EB9423EBFCAF82C10084474
:100850000136218FB9423EBFCAF830100844013634
:10086000618FB9423EBFCAF8341008440136A18FE7
:10087000B9423EBFCAF8381008440136E18FB94288
:100880003EBFCAF83C1008440136012E06DB40F298
:10089000D441C2F20001896A884231D8D9F83010B7
:1008A000002994D10BF1010BBBF1FF0FAED18EE704
:1008B000D9F82400052100287FF47FAF84E700BF2A
:1008C00040F2D440C2F200000122C368D9F82410DB
:1008D000C9F8202000228B4289F8042089F80620DC
:1008E000C9E90B2218BFC160C269D9F828108A4231
:1008F00018BFC1610AF0ECFC012001B0BDE8F08F27
:10090000B0FBF6F00121C9F828000020C9F830102A
:1009100089F805005BE7000040F22820C2F20000E1
:1009200001780139032988BF7047DFE801F0030728
:10093000030B00BF01218160C1607047002181600D
:10094000C1607047016940F2D4434A1CC2F20003FF
:10095000DB6A02614CF6CD42CCF6CC42A3FB02230B
:10096000B1EBD30F4FF000014FF0010238BF01216E
:100970008260C1607047000072B600BFFEE70000F1
:1009800070B542F220060446C4F2020601F030F8C7
:10099000316811F00B0F20D0B4B30546601C11D1A3
:1009A000306810F00B0F18D0306810F00B0F14D017
:1009B000306810F00B0F10D0306810F00B0FEFD133
:1009C0000BE000BF01F014F8401BA04284BF0320DD
:1009D00070BD306810F00B0FF4D1306810F41E00B9
:1009E0000AD040F20021C2F200014A6802434A6084
:1009F0003061012070BD00BF3068C00344BF4FF4B8
:100A000080303061002070BD00F0F2FF032070BD27
:100A100040F25860C2F2000000F0FEBB00284FF028
:100A2000010218BF002901D110467047B0B5D0E9C6
:100A300004C2C369D0F818E01A43C36B1A4342EAF0
:100A40000C0242EA0E020A6003789B0616D5D0E932
:100A500009C34FF07C75D0F82CE0846B05EB035391
:100A60004FF47C7505EB0C1503F07C7344EA0E041F
:100A700005F47C7523432B431A430A604268036BD9
:100A800040F2FF252A401A434A60C368B3F5007F4D
:100A900005D0B3F5806F04D10578AD0601D51A43B2
:100AA0004A60436B1A434A60436C43B1856C046CE3
:100AB00005F03F0544EA05452A431A434A60B0F869
:100AC000683040F2000C8B600278C0F2FF7C920725
:100AD00022D5C56C4FF080540CEB054505EA0C059A
:100AE0002B438B60056D04EAD5054FF000542B4471
:100AF0008B60456D04EA95054FF080442B448B6074
:100B0000856D04EA55052B448B60C56DB5F1FF3F3B
:100B1000DCBF03F100438B60036ECB60436E0B615F
:100B200003789B0702D4142323E000BF036D0CF16C
:100B3000C052002B48BF5B426FF35F334B61456D82
:100B40002C04002D48BF05FB02F422401A434A61E1
:100B5000836D0CF17844002B48BF5B429AB28A61E6
:100B6000C36D1D04002B48BF03FB04F52A431C235F
:100B70008A610022CA50006883074FF4E06358BFBF
:100B80004FF4A06318430862BDE8B04010467047B8
:100B9000B0B5044600F02CFF002C04BF0120B0BD0E
:100BA00000210546206884F84C10022184F8541076
:100BB000416941F00601416120684169C9070BD0D4
:100BC00000F016FF401B0528F6D901200322102152
:100BD000A16584F85420B0BD4FF6B072D4E90E136D
:100BE000CBF6FD7202446FF01F0505EBF2151943B9
:100BF000082D03D34FEAF212072A01D8226C1143C1
:100C0000426922F443021143416100210164626C94
:100C1000426441F24F32C4F2020290428164C164E4
:100C200001650DDC40F25031C4F20201884213D05C
:100C300040F2D031C4F2020188420DD00FE000BF73
:100C400041F2D031C4F20201884205D041F2503164
:100C5000C4F20201884202D1002141658165002170
:100C6000C167A06C012220650020A16584F8542092
:100C7000B0BD000000284FF0010318BF002A01D1C9
:100C8000184670474369012B04D1042101230161F7
:100C9000184670472DE9F04186B0036842EA010723
:100CA0000E461F43002908BF1646002B18BF1E46DC
:100CB0007740B7F5803F09D253B193F8206051B126
:100CC00091F82070BE4206D028E000BF052126E042
:100CD00029B191F8206092F82070BE421ED10227FF
:100CE000077300270761176A00247E08CFF6010406
:100CF00066F3596407F0020766F39A6407F1050585
:100D0000A3B1E9B1904601AA019506460F46FFF747
:100D100005FCE8B10620306102E000BF042101615A
:100D2000012306B0BDE8F04118467047E1B14FF627
:100D3000FC731A402243016041F82520022124E07F
:100D40004FF6FC711940214342F8251002601AE069
:100D50000399B268304691420AD1416861B14FF6B9
:100D6000FC721140214305E0026001210DE000BF4B
:100D700057F8251048F825104FF6FC7101EA0801D4
:100D8000214347F82510816801318160002301214A
:100D90000361017306B0BDE8F041184670470000DA
:100DA00000284FF0010218BF002901D110467047FA
:100DB00090F8542090F85430022B18BF052A07D120
:100DC00040218165002180F84C100120704700BF50
:100DD0000A7B022A04D101220A611046704700BF33
:100DE000026841F24F33C4F202039A4208DC40F237
:100DF0005033C4F202039A420ED040F2D03307E0DF
:100E000041F25033C4F202039A4205D041F2D0338A
:100E1000C4F202039A420DD1036D4A68812B03D1BB
:100E200022B1416700207047002AFAD004200861EF
:100E3000012070470A6892F820209207ECD5032021
:100E40000861012070470000002804BF012070479E
:100E5000016839B142684AB18A4204BF0020704734
:100E600007E000BF02210161012070474269012AA9
:100E700004D1042101610120704700BFF0B50222B6
:100E80000273002202610A6A40F2000E5308CFF694
:100E9000010E63F3596E02F00202856863F39A6EE5
:100EA000531D4FF6FC72002D01EA020C47D0012DB4
:100EB00002D1654643E000BF4FF6FF726E1EAC1EC6
:100EC00021EA0202032C06F0030401D265461EE06B
:100ED00026F003064FF6FC77654600BF154355F82C
:100EE0002350043E05EA070545EA020555F823505C
:100EF00005EA070545EA020555F8235005EA070506
:100F000045EA020555F8235005EA0705E6D1B4B1D4
:100F1000154355F823504FF6FC76012C05EA0605DB
:100F20000DD0154355F82350022C05EA060506D0CE
:100F30002A4352F823204FF6FC7402EA04054FF6C8
:100F4000FF7221EA02022A434EEA0C0741600021A7
:100F500042F823700161012101730020F0BD0000FF
:100F6000002804BF0120704780B5D0F874E0BEF1BE
:100F7000000F54D090F8541002680129D2F814C020
:100F800004D0022946D11CF4803143D090F854108B
:100F9000012935D190F84C1001294FF0020134D0CD
:100FA000012380F84C3080F854108EF80C1000218A
:100FB0008165CEF81010516941F4BA415161416E1A
:100FC00019B1516941F400715161006F18B1506954
:100FD00040F400505061DEF800000023016ACFF6B3
:100FE0000103490861F3596361F39A634FF6FF7196
:100FF00020EA010111604FF6FC7108401844D067E7
:101000005069002140F001005061BDE88040084671
:10101000704700BF40218165002180F84C100121FC
:10102000BDE8804008467047B0B5044600F0E0FCDB
:10103000002C04BF0120B0BD054694F854000228DE
:1010400024D12068416941F004014161052084F800
:10105000540000BF2168086980041FD400F0C8FC58
:10106000401B0628F6D3A06D40F01000A0650320B9
:1010700084F8540094F8500000064FF0010001D5A8
:10108000616F0873002184F84C10B0BD2020A0656A
:101090000120002184F84C10B0BD00BF4869012236
:1010A00040F002004861042084F854004FF4FE40F0
:1010B000C86084F8542094F8500000064FF00000F7
:1010C000E0D5636F1A738864002184F84C10B0BDBA
:1010D00080B190F8541002290AD1042180F85410EC
:1010E000006842F2040241691143416100207047E7
:1010F0002021816501207047024600284FF0010041
:1011000008BF7047CB0612D5136840F6FF7223EA7A
:10111000020203F57B63C3F3C41301F0110198408D
:101120001129516814BF21EA0000084350600020D3
:101130007047000070B5044600F05AFC002C04BF54
:10114000012070BD0546206840F6FF71426920EA23
:10115000010642F00601416120684169C9070BD0D0
:1011600000F046FC401B0628F6D31020A0650320A3
:1011700084F85400012070BD41F24F31C4F20201E5
:1011800088424FF000010160416101644164816463
:10119000C1640165C1670DDC40F25031C4F2020147
:1011A000884213D040F2D031C4F2020188420DD0FF
:1011B0000FE000BF41F2D031C4F20201884205D0F5
:1011C00041F25031C4F20201884202D1002141654E
:1011D000816500F57B61C1F3C4110122736802FAD5
:1011E00001F123EA010171604FF4FE41C160E16D3C
:1011F0000020C4E91800C4E91A00206700296067CC
:1012000018BFE0652065A06584F8540084F84C00A0
:1012100070BD0000806D704710B504680C23214636
:1012200004F57B6263F30B01C2F3C4120968D14079
:10123000C9074BD02169490544BF61695FEA415143
:1012400046D42169090544BF61695FEA015147D469
:101250002169C90444BF61695FEAC14148D4216979
:10126000490444BF61695FEA414149D42169890564
:1012700044BF61695FEA81514AD42169890444BF4E
:1012800061695FEA81414FD42169C90544BF616941
:101290005FEAC15164D4816DC1B101684A6942F00D
:1012A00002024A61012180F8541090F85020120681
:1012B00044BF426F1173816E0022002980F84C20D8
:1012C00008BF10BDBDE81040084700BF10BD00BFFB
:1012D0004FF48061E160816D41F001018165B0E70B
:1012E0004FF40061E160816D41F002018165AFE77B
:1012F0004FF48051E160816D41F004018165AEE7FA
:101300004FF48041E160816D41F008018165ADE7F6
:101310004FF40071E160426E002AAED0044690475F
:1013200020462468A9E700BF4FF40051E16090F81F
:10133000541004291ED16169012221F40051616118
:10134000616941F00201616180F8542090F8501009
:10135000090603D5416F0A730021A164C16EABE792
:1013600090F85010090611D4A16CD9B900F15402BB
:1013700016E000BF052180F85410026F002A3FF4E8
:1013800083AF04469047204624687DE7E16F49B962
:10139000A16C39B9012180F85410416F01F10C02A0
:1013A000012111704FF44071E160016E00220029AB
:1013B00080F84C203FF46FAF0446884720466AE728
:1013C00000284ED090F84CC0BCF1010F04BF0220A1
:1013D00070474FF0010C80F84CC090F854C0BCF13D
:1013E000010F39D110B54FF0020C80F854C04FF006
:1013F000000CC0F858C0D0F800C0D0F864E0DCF8A9
:101400004840BEF1000FC3EA0403CCF848304FF463
:10141000FE43CCF80C30CCF84C10CCF85020DCF863
:10142000141041F4BA41CCF8141005D0DCF81410B3
:1014300041F40071CCF81410006F28B1DCF81400EE
:1014400040F40050CCF81400DCF8140040F0010027
:10145000CCF81400002010BD40218165002180F8E7
:101460004C10012070470000B0B5044600F0C0FAEF
:10147000054640F23400C2F200000078611C18BF3B
:10148000044400BF00F0B4FA401BA042FAD3B0BD40
:101490002DE9F04F81B040F2002BC2F2000B9BF817
:1014A0000020012A02BF022001B0BDE8F08F0446EF
:1014B00001208BF8000000254FF47A708946CBF8A4
:1014C0000450FFF75DFA28B18BF8005001B0BDE879
:1014D000F08F00BF206848F2080220F0004142F27D
:1014E00028079142C4F20207CBF8080008D16068CF
:1014F00000F00301032937D148F2200043E000BF88
:101500004FF0FF30C9F80000D4E902603044864251
:1015100042D24FF6D77A4EF23F08C7F6FF7AB501AE
:10152000C7F6FF786068414610F00100386808BFD0
:101530006FF4FE514FF0240200EA01003860386871
:1015400008BF0AF14D022843104338604FF47A7007
:10155000FFF716FA10BBD4E9020101364035084402
:101560008642DFD300201BE0C1074FF6D771C7F6D4
:10157000FF7104D03A680A4042F028023A608007BE
:1015800004D501F151003968084338604FF47A708E
:10159000FFF7F6F905E000BF002002E0C9F800609F
:1015A000002521684FF000423B6862EA01011940C2
:1015B00039608BF8005001B0BDE8F08F42F228008E
:1015C000C4F20200016841F00101016000680121DC
:1015D00021EA0000704700002DE9F04381B040F29D
:1015E00000298046C2F20009002042F2200416467B
:1015F0000D46C4F20204C9F8040000F0F9F92168AC
:1016000011F00B0F0AD0074600F0F2F9C01BB0F53D
:101610007A7F11D8206810F00B0FF5D1206810F4F4
:101620001E000DD0D9F804100143C9F80410206140
:10163000012001B0BDE8F083032001B0BDE8F083D4
:101640002068C00344BF4FF48030206128F0004080
:101650000228C9F8088017D1A06840F00200A060F5
:10166000EFF3108072B63168296071686960B16803
:10167000A960F168E96080F3108800F0B9F9216889
:1016800011F00B0F0CD117E0A06840F00200A06031
:101690003088288000F0ACF9216811F00B0F0BD0D6
:1016A000054600BF00F0A4F9401BB0F57A7F0FD8C3
:1016B000206810F00B0FF5D1206810F41E0109D03E
:1016C000D9F804000843C9F80400012009E000BF6C
:1016D000032007E02068C0034FF0000002D54FF45C
:1016E000803121614FF02041A26861EA0801114078
:1016F000A16001B0BDE8F08342F20400C4F2020030
:10170000416AC90704BF0020704740F22311C4F2A8
:101710006751016048F6AB11CCF6EF510160406AA9
:1017200000F0010070470000002908BF70472DE954
:10173000F04F82B047F67F72C0F22F0202EA902289
:101740004FF0000C019200F1200200270025002438
:1017500000922BE00368032202FA07F943EA090327
:1017600003606FF0030202EA5403009E0CF01C0EAB
:1017700056F803800F2202FA0EF228EA0202F25013
:10178000826822EA09028260426822EA0B02426011
:10179000C26822EA0902C260013431FA04F205F19A
:1017A000080507F102070CF1040C3BD0012202FAF4
:1017B00004FB1BEA0109EFD042F20002C4F202422C
:1017C00002F1600824F0030605F0180A0F2258F809
:1017D000066002FA0AFE019A06EA0E0602FA0AF307
:1017E0009E42B7D142F20002C4F20242D2F88030E7
:1017F000A60823EA0903C2F88030D2F8843023EA2D
:101800000903C2F88430136823EA0903136053689C
:1018100023EA0903536058F8263023EA0E0348F8F8
:10182000263097E702B0BDE8F04F70472DE9F04F42
:1018300083B00D68002D00F0C38047F67F7300F180
:101840002002C0F22F03029203EA902200234FF0FD
:10185000010A0027002400260092019010E000BF3A
:10186000BCF1030F5BD100BF0D68013635FA06F2FB
:1018700004F1040407F1020703F1080300F0A0805B
:101880000AFA06F815EA080BEED0D1F804C04CF0BD
:101890001002122A1ED16FF0030202EA560A029ABF
:1018A000584652F80AC0D1F810E0934604F01C05DF
:1018B0000F2202FA05F90EF00F022CEA090CAA40D9
:1018C00042EA0C024BF80A2083460198D1F804C082
:1018D0004FF0010A02680325BD406FEA0509AA43DB
:1018E0000CF00305BD402A43BCF1120F026016D86C
:1018F0000AFA0CF212F0061FB2D08268CD6802EA32
:101900000902BD402A43826042684FEA1C1522EA60
:101910000802B5402A43BCF1030F4260A4D0C2685C
:101920008D6802EA0902BD402A435FEACC05C26025
:101930009AD542F2000826F00302C4F2024808EBEE
:10194000020EDEF860C003F018050F22AA402CEA50
:10195000020C009A02FA05F54CEA0502CEF8602066
:10196000D8F800C0D1F804E04CEA0B025FEACE25BB
:1019700058BF2CEA0B02C8F80020D8F804C05FEA70
:101980008E224CEA0B0558BF2CEA0B05C8F8045010
:10199000D8F884C05FEA8E324CEA0B0558BF2CEAB7
:1019A0000B05C8F88450D8F880C05FEACE324CEA04
:1019B0000B0558BF2CEA0B05C8F8805054E700BF50
:1019C00003B0BDE8F08F00000069084018BF012097
:1019D00070470000426902EA0103914341EA034172
:1019E000816170471823002A08BF2823C15070471F
:1019F00040F64050C2F200000068704790F8412065
:101A0000202A03D190F84020012A01D102207047FA
:101A1000242280F841200268136823F00103136038
:101A2000136823F48053136013681943116011681D
:101A300041F001011160202180F84110002180F85F
:101A4000401000207047000090F84120202A03D168
:101A500090F84020012A01D102207047242280F80A
:101A600041200268136823F001031360136823F414
:101A7000706343EA01211160116841F001011160B6
:101A8000202180F84110002180F84010002070478C
:101A9000002804BF0120704710B590F8411031B9FB
:101AA000002180F84010044600F084FA20462421EA
:101AB00080F8411090E81210C3680A68012B22F0E8
:101AC00001020A6024F070620A618A6822F400420E
:101AD0008A6003D14CF400428A6009E04CF404426D
:101AE000022B8A6004D14A6842F4006203E000BF1E
:101AF0004A6822F400624A604A6800F1100442F029
:101B0000007242F400424A60CA6822F40042CA608D
:101B10001CCC1A4342EA0422C369CA60026A1A430F
:101B20000A600A6842F001020A6000212022416432
:101B300080F84120016380F84210002010BD0000B1
:101B40002DE9F04F81B0044690F84100202807D1DC
:101B50000A9F4FB10B9E3EB194F8400001280BD173
:101B6000022001B0BDE8F08F4FF4007060640120E6
:101B700001B0BDE8F08F00BF01209A4690468B4629
:101B800084F84000FFF734FF216805468A69120493
:101B90004BD422200C9A84F8410040204FF00009D9
:101BA00084F84200C4F8449067626685C4F83490B3
:101BB000584617466FF39F205FFA8AF24B6849F642
:101BC0000006CFF60046834640EA024003EA0602DA
:101BD000104400F500504860204639462A4604F07B
:101BE000D1FEC0B92068BAF1010F09D04FEA18211F
:101BF0008162204639462A4604F0C4FE58B920685E
:101C00005FFA88F181622046402100223B46009520
:101C100004F0FEFD50B384F84090012001B0BDE80F
:101C2000F08F00BF88690004B3D5204619212A46E9
:101C300004F03EFD00289AD1FFF7DAFE401B216830
:101C40001A28EFD388690004ECD5606C40F02000BE
:101C50006064202084F84100002084F8420084F869
:101C60004000012001B0BDE8F08F00BF608D40F260
:101C7000000ABC46B0F5807FC0F2FF1A08D3206886
:101C80000AF5105350F8041F01EA0602FF2109E08B
:101C9000618D2068CBB250F8042F324042EA0342F3
:101CA0000AF592331A4342EA0B020BF100784FF027
:101CB000FF0906F580666746026021850CE000BFDB
:101CC000608D21682085C0B24A6848EA00403240F1
:101CD00010434860608DA8B32046042100223B4693
:101CE000009504F095FD00287FF441AF2068616AFB
:101CF000406A0870606A218D01306062481E20854C
:101D0000618D01396185618D0029E3D00004E1D145
:101D10002046802100223B46009504F079FD0028F2
:101D20007FF425AF608DB0F5807FC9D32068A4F81B
:101D300028904168314041EA0B0141EA0A014160C3
:101D4000C8E700BF204639462A4604F0DDFD0028DA
:101D50007FF40DAF20682021C16142684EF6000378
:101D6000CFF600631A404260002084F8411084F8E6
:101D7000420084F8400001B0BDE8F08F2DE9F04F3B
:101D800081B0044690F84100202807D10A9F4FB146
:101D90000B9E3EB194F8400001280BD1022001B007
:101DA000BDE8F08F4FF400706064012001B0BDE821
:101DB000F08F00BF01209A4691468B4684F8400080
:101DC000FFF716FE216805468A6912044DD42120CA
:101DD00084F8410040200C9A84F842004FF000083B
:101DE0006FF39F2B5FFA8AF0C4F8448067626685C0
:101DF000C4F834805F464BEA004049F6004B164673
:101E0000CFF6004B4A68ABF580631A40104440F0AF
:101E1000807040F400504860204631462A4604F065
:101E2000B1FDC0B92068BAF1010F09D04FEA1921FC
:101E30008162204631462A4604F0A4FD58B9206844
:101E40005FFA89F1816220468021002233460095A5
:101E500004F0DEFC50B384F84080012001B0BDE8FE
:101E6000F08F00BF88690004B1D5204619212A46A9
:101E700004F01EFC002898D1FFF7BAFD401B216832
:101E80001A28EFD388690004ECD5606C40F020007C
:101E90006064202084F84100002084F8420084F827
:101EA0004000012001B0BDE8F08F00BF608D40F21E
:101EB0000009B446B0F5807FC0F2FF1908D320684E
:101EC0004B4650F8041F01EA0B02FF210BE000BF54
:101ED000618D2068CBB250F8042F02EA0B0242EA6F
:101EE00003424FF000731A433A4307F1007A4FF070
:101EF000FF086646026021850DE000BF608D216805
:101F00002085C0B24A684AEA004002EA0B02104348
:101F10004860608D90B3204631462A4604F032FD79
:101F200000287FF442AF606A226810F8011B9162BA
:101F30006062608D01386085208D01382085618D5B
:101F40000029E6D00004E4D1204680210022334657
:101F5000009504F05DFC00287FF427AF608DB0F59C
:101F6000807FCBD32068A4F82880416801EA0B0168
:101F7000394341EA09014160CBE700BF20463146C1
:101F80002A4604F0C1FC00287FF40FAF206820210E
:101F9000C16142684EF60003CFF600631A4042600A
:101FA000002084F8411084F8420084F8400001B019
:101FB000BDE8F08FB0B5AAB0044602A800250830ED
:101FC00080212995CDE92755CDE92555FEF7ACF9B6
:101FD000206845F20041C4F20001884202D02AB0D4
:101FE000B0BD00BF4FF40050029002A8039500F06E
:101FF000E9FE002818BFFEF7BFFC40F68C44C4F28F
:102000000244206825A940F002002060206800F00A
:10201000020001900198C0202590122026900020F7
:10202000CDE927000420299040F20040C4F20220AC
:10203000FFF7FCFB206940F400102061206900F4E8
:102040000010019001982AB0B0BD000040F200419C
:10205000C4F203010A68D2071CBF012070470A6856
:1020600022F004021043086000207047B0B540F22F
:102070000045C4F203050220E860286820F0010052
:102080002860FFF7B5FC2968C90701D10020B0BD61
:10209000044607E02868C0071CBF0320B0BD2868BD
:1020A000C007F3D0FFF7A4FC001B0228F2D2F6E72A
:1020B00040F20041C4F20301086840F00102002030
:1020C0000A607047002804BF01207047B0B504467D
:1020D00000F048F894E807004CF6CC43036045F262
:1020E0005553036041608260FFF782FC2168CA6833
:1020F000920727D4206940F44042002808BF4FF4DB
:1021000080424A61FFF774FC2168CA6812070FD049
:10211000054602E0C86800070AD0FFF769FC401BCB
:1021200021682228F6D3C8680007F3D018E000BF62
:102130000A69E068824206BF4AF6AA200860086180
:102140000020B0BD054602E0C8688007D2D5FFF781
:102150004FFC401B21682228F6D3C8688007F3D5BE
:102160000320B0BD7047000001684AF6AA22002093
:102170000A60704740F2340040F64051C2F200005D
:10218000C2F2000100780A6810440860704700003D
:1021900080B5032000F0CCF801F018FB40F6204198
:1021A000C4F2024109684BF6781201F00F01C0F643
:1021B0000002515CC84040F2D001C2F20001086048
:1021C000042001F07FFF0F2000F008F800281CBF5A
:1021D000012080BD00F056F8002080BDB0B540F26F
:1021E0003405C2F200052978E1B304464EF210002E
:1021F000CEF200000068400710D401F0F1FF022881
:1022000024D001281AD078BB40F2D000C2F20000DE
:10221000006829784FF4FA5207E000BF40F2D0007E
:10222000C2F2000000684FF47A72B2FBF1F1B0FB29
:10223000F1F001F0C3FFA8B91BE000BF28784FF40C
:102240007A71B1FBF0F04FF4FA4106E028784FF4D0
:102250007A71B1FBF0F04FF40041B1FBF0F001F006
:10226000ADFF30B10120B0BD002001F0A7FF002874
:10227000F8D14FF0FF302146002200F02DF8002069
:102280006C60B0BD70470000002848BF704700F088
:102290001F010122C0F34A1002FA01F14EF280122E
:1022A000CEF2000242F82010BFF34F8FBFF36F8FC2
:1022B00070470000002848BF704700F01F0101224E
:1022C000C0F34A1002FA01F14EF20012CEF20002FF
:1022D00042F820107047000010B54EF60C5CCEF2AC
:1022E000000CDCF80030C3F3022E8EF00704042C3F
:1022F00028BF0424BEF103034FF0FF3E38BF002384
:102300000EFA04F4A14399400EFA03F39A431143E1
:1023100000F00F0200F160430901043A03F5644341
:102320006244002848BF02F10C03197010BD000080
:102330004EF60C51CEF200010A684FF6FF031A4028
:1023400060F30A2242F0806040F0FD700860704740
:1023500007F03AFE10B540F6284CC4F2024CDCF807
:102360000C20DCF800E0DCF80010C1F30523DCF8F9
:102370000010DCF81040002B3CD0E408C90604EA49
:10238000E1716FF35F3100EE101A0EF003016FF38D
:102390005F22B8EE400ADFE801F00303333900BFE3
:1023A0005CF8281C49F20004C1F3C101C0F2D0342A
:1023B00024FA01F101EE101A02EE103AB8EE411AB9
:1023C000B8EE422A9FED493A81EE021A02EE102A37
:1023D00020EE030AB8EE422A30EE020AB7EE002AD7
:1023E00030EE020A20EE010A5CF8281C89012DD586
:1023F00028E000BF0021C0E90011816010BD00BFCE
:1024000001EE103A9FED3B2A04E000BF01EE103AC6
:102410009FED372AB8EE411A82EE011A02EE102A19
:102420009FED323AB8EE422A20EE030A30EE020A5D
:10243000B7EE002A30EE020A21EE000A5CF8281CF2
:10244000890103D5DCF80010C90307D4002101601D
:102450005CF8281C890115D418E000BFDCF80C10CA
:10246000C1F34621013101EE101AB8EE411A80EE97
:10247000011ABCEEC11A11EE101A01605CF8281C9A
:10248000890103D5DCF80010890301D400210EE096
:10249000DCF80C10C1F30641013101EE101AB8EE60
:1024A000411A80EE011ABCEEC11A11EE101A4160F9
:1024B0005CF8281C890144BFDCF800105FEA413158
:1024C00002D40021816010BDDCF80C10C1F306615C
:1024D000013101EE101AB8EE411A80EE010ABCEE8D
:1024E000C00A10EE101A816010BD00BF0000003954
:1024F00020BCBE4B0024744A10B540F62C4CC4F2EC
:10250000024CDCF81020DCF800E0DCF80010C1F32D
:102510000523DCF80010DCF81440002B3CD0E40864
:10252000C90604EAE1716FF35F3100EE101A0EF094
:1025300003016FF35F22B8EE400ADFE801F0030306
:10254000333900BF5CF82C1C49F20004C1F3C1010F
:10255000C0F2D03424FA01F101EE101A02EE103A62
:10256000B8EE411AB8EE422A9FED493A81EE021ABE
:1025700002EE102A20EE030AB8EE422A30EE020ADA
:10258000B7EE002A30EE020A20EE010A5CF82C1C9D
:1025900009012DD528E000BF0021C0E900118160AC
:1025A00010BD00BF01EE103A9FED3B2A04E000BFD2
:1025B00001EE103A9FED372AB8EE411A82EE011A69
:1025C00002EE102A9FED323AB8EE422A20EE030ABC
:1025D00030EE020AB7EE002A30EE020A21EE000ABF
:1025E0005CF82C1C090103D5DCF80010C90307D4E2
:1025F000002101605CF82C1C090115D418E000BF13
:10260000DCF81010C1F34621013101EE101AB8EECA
:10261000411A80EE011ABCEEC11A11EE101A0160C7
:102620005CF82C1C090103D5DCF80010890301D4E7
:1026300000210EE0DCF81010C1F30641013101EE7B
:10264000101AB8EE411A80EE011ABCEEC11A11EE52
:10265000101A41605CF82C1C090144BFDCF8001022
:102660005FEA413102D40021816010BDDCF8101016
:10267000C1F30661013101EE101AB8EE411A80EE85
:10268000010ABCEEC00A10EE101A816010BD00BF36
:102690000000003920BCBE4B0024744A80B584B0D1
:1026A0004FF6FF730246C0F21F0300209B1A70EB27
:1026B000010333DA6FF060439B1A70EB0103C0F241
:1026C0006D806FF07C439B1A4FF000038B4180F2CA
:1026D0001D8182F080630B4300F02C8282F0006346
:1026E0000B4300F0E98182F08052114340F08C826C
:1026F00040F60041C4F20241D1F8E000C0F3C2024A
:10270000042A00F2DD8248F20000C0F2BB00DFE8DC
:1027100012F0CB027702D7027B027D0241F6FF73F3
:102720009B1A70EB01035FDA4FF6FF739B1A4FF0B1
:1027300000038B4180F2BA8082F480330B4300F0B7
:102740009F8182F400330B4300F0808182F4802269
:10275000114340F0598240F60041C4F20241D1F8E1
:10276000DC00C0F302320020052A00F24D82DFE8CF
:1027700012F0DB0147024B02B102B902070000BFB1
:10278000D1F8E8200B6808689B0702F0404240F14E
:102790004882002A00F0EF8243E200BF0F2940F395
:1027A000F58081F01003134300F0DA8181F40073A7
:1027B000134300F0978181F48051114340F024824B
:1027C00040F60041C4F20241D1F8E40000F040605C
:1027D000B0F1806F00F0FA81002800F04B810A68A8
:1027E000B0F1006F5DE100BFD2F103034FF00003D1
:1027F0008B412DDB82F001030B4300F0E78082F078
:102800000202114340F0008240F60040C4F2024050
:10281000D0F8D81011F0380100F08681026808293C
:1028200003D112F0006240F0458203680268182963
:1028300003D113F0020340F00581202903D112F4E3
:10284000007240F0A982D0F8F0002829B2E200BF5F
:1028500082F004030B4300F0DB8082F480521143CA
:1028600040F0D28140F60040C4F20240D0F8E010BF
:1028700001F0E061B1F1807F00F01C82002900F0DE
:10288000F98003680268B1F1407F03D113F00203BD
:1028900040F0D880B1F1806F03D112F4007240F0A3
:1028A0007B82D0F8F000B1F1A06F83E282F4005394
:1028B0000B4300F02B8182F48042114340F0A4814D
:1028C00040F60040C4F20240D0F8E41001F4402188
:1028D000B1F5802F00F07A81002900F0258102688F
:1028E0000068B1F5002F03D112F0020240F04382DC
:1028F00010F400701CBF40F60010C0F23D00B1F5AE
:10290000402F18BF002004B080BD00BF82F4001328
:102910000B4300F0458182F00072114340F0748156
:1029200040F60041C4F20241D1F8F000D1F8F020A5
:10293000920700F4407203D5B2F5807F00F0E28088
:10294000D1F8F000000106D5B2F5007F02BF4FF4C8
:10295000FA4004B080BD086880034FF0000040F1E9
:102960005381B2F5407F40F04F81C86910F4785F21
:1029700000F0A681C86947F64001C0F30520C0F207
:102980007D11B1FBF0F004B080BD00BF82F00053B8
:102990000B4300F0218181F00401114340F03481A8
:1029A00040F60040C4F20240D0F8E810006880030E
:1029B00001F4407040F17281002840F06F8147F6C9
:1029C0004000C0F27D1004B080BD00BF40F6004062
:1029D000C4F20240D0F8D81011F0070100F0748161
:1029E0000268012903D112F0006240F0638103689C
:1029F0000268032902D113F0020323D1042903D171
:102A000012F4007240F0C881D0F8F0000529D1E13D
:102A100040F60040C4F20240D0F8D81011F4E07142
:102A200000F082800268402903D112F0006240F079
:102A3000418103680268C02940F0A88113F00203B5
:102A400000F0A481C2F3C10097E100BF40F600414D
:102A5000C4F20241D1F8DC00C0F302220020052AB2
:102A600000F2D280DFE812F00600CC00D000360180
:102A70003E017E0104B0BDE8804000F083BE00BF8F
:102A800040F60041C4F20241D1F8E40000F0407089
:102A9000B0F1807F00F09A80002845D00A68B0F13C
:102AA000007F4FF0000040F0AF8012F0020200F013
:102AB000AB8008685FE100BF40F60041C4F202410C
:102AC000D1F8E00000F00702042A00F2F98048F291
:102AD0000000C0F2BB00DFE812F0E7009300F30053
:102AE0009700990040F60041C4F20241D1F8E80095
:102AF000D1F8F02000F00800920740F1A5800028EE
:102B000040F0A2804FF4004004B080BD40F6004089
:102B1000C4F20240D0F8E41001F44031B1F5803F36
:102B200054D0002940F0E88004B0BDE8804000F0B7
:102B3000E1BD00BF40F60040C4F20240D0F8E8100A
:102B4000026801F03001920440F18C80002940F0CD
:102B5000898046F60040C0F2DC2004B080BD00BF92
:102B600040F60040C4F20240D0F8E41001F0300119
:102B7000102900F099800268202903D112F0006228
:102B800040F09880006810F400501CBF46F60040EA
:102B9000C0F2DC20302918BF002004B080BD00BF87
:102BA00040F60040C4F20240D0F8E81001F00701FE
:102BB00002290BD0012900F0B580002940F0B8802F
:102BC00004B0BDE8804000F07DBD00BF01A8FFF764
:102BD00093FC039804B080BD40F60041C4F202416A
:102BE000D1F8E000C0F38212042A69D848F200004C
:102BF000C0F2BB00DFE802F0580464080A0000BF1E
:102C000001A8FFF779FC019804B080BDD1F8E82055
:102C10000B6808689B0702F0404202D5002A00F0CA
:102C2000AA80800503D5B2F1804F00F0B580086816
:102C3000B2F1004F00F400314FF0000004BF47F63E
:102C40004000C0F27D1007E0D1F8F010002818BF56
:102C50004FF4FA4001F00061002908BF084604B0B3
:102C600080BD00BF0268920101D510291CD0D0F8A8
:102C7000F020920702D520293FF444AFD0F8F000AD
:102C8000302900F000624FF0000008BF4FF4FA4016
:102C9000002A08BF104604B080BD00BFB0F5007F19
:102CA00008D0B0F5807F0BD101A8FFF753FB029845
:102CB00004B080BD01A8FFF71FFC029804B080BDDE
:102CC000002004B080BD00BF04B0BDE8804000F02B
:102CD00035BD00BFD1F8F0004FF4004101EA80306B
:102CE00004B080BDD1F8F0004FF4FA41000101EAD0
:102CF000E07004B080BD00BF02680068B1F5003F1D
:102D000002D112F0020236D110F400701CBF40F65E
:102D10000010C0F23D00B1F5403F18BF002004B0E4
:102D200080BD00BF04B0BDE8804000F04FBD00BFD3
:102D30000268032903D112F400327FF440AE026826
:102D40000068042902D112F0020214D110F40070BC
:102D50001CBF40F60010C0F23D00052918BF00203E
:102D600004B080BDD1F8E8200B6808689B0702F02A
:102D7000404217D5B2B9C0F3C10049F20001C0F218
:102D8000D03121FA00F004B080BD00BFB1F5807FE2
:102D90000CD112F4007209D040F60010C0F23D00D0
:102DA00004B080BD80053FF53EAF40E7D0F8F000AD
:102DB000B1F5A07F00F002024FF0000008BF9003C1
:102DC00004B080BD2DE9F0470446006840F628486D
:102DD000C101C4F2024807D5D8F8C010226B21F017
:102DE00040411143C8F8C010C00714D0606BC11E29
:102DF000032909D340B1012814D104F1080005F0DA
:102E00001BF8054640B9606BD8F8B01021F00701F7
:102E10000843C8F8B00000252078800706D428466B
:102E200021E000BF012520788007F8D5A16B6FF065
:102E3000020000EBF1000328284609D34FEAF10114
:102E4000284629B101292FD104F1080004F0F4FF2C
:102E5000064648B9D8F8B000A16B20F03800084306
:102E6000C8F8B00000202E462178490721D5E16B33
:102E70006FF0020202EBB112032A08D34FEAB1113C
:102E800029B1012936D104F1080004F0D5FF054627
:102E900080B9D8F8B000E16B20F4E0700843C8F8BE
:102EA000B000002005E000BF01200126217849077D
:102EB000DDD435466178C90621D5216C6FF0020258
:102EC00002EB3162032A08D34FEA316129B10129AB
:102ED0003CD104F1080004F0AFFF064680B9D8F8F1
:102EE000B800216C20F0E0600843C8F8B80000206A
:102EF00005E000BF012001256178C906DDD42E461A
:102F00006178890627D5616C6FF0010202EB3142CE
:102F1000022A08D34FEA314129B1012910D104F125
:102F2000080004F089FF054660B9D8F8BC00616C60
:102F300020F440300843C8F8BC0000200BE000BF7C
:102F4000012001256178490609D423E001200126EA
:102F500061788906D7D43546617849061AD5A16CBF
:102F60006FF0010202EBB142022A08D34FEAB141ED
:102F700029B101292ED104F1080004F05DFF0646B5
:102F800048B9D8F8BC00A16C20F440200843C8F828
:102F9000BC0000202E46A178C90720D0E16C002992
:102FA00018BFB1F1007F0BD10746C8B9D8F8BC00F3
:102FB000E16C20F040700843C8F8BC0000200EE02F
:102FC000B1F1807F2CD104F1080004F035FF0746F1
:102FD00030B9EBE701200126A178C907DED13746D9
:102FE0006179C90621D5216D002918BFB1F1006FA3
:102FF0000CD10546D0B9D8F8BC00216D20F0406056
:103000000843C8F8BC0000200FE000BFB1F1806F9A
:103010005AD104F1080004F00FFF054630B9EAE781
:10302000012001276179C906DDD43D46D4E90012AB
:1030300040F61C47C4F20247120508D53A6822F44C
:1030400000423A60D4F880203B681A433A60890312
:103050001AD5616D6FF0020202EB3122032A08D308
:103060004FEA312129B1012932D104F1080004F0DD
:10307000E3FE064648B9D8F8B400616D20F4E0607C
:103080000843C8F8B40000202E46A178490724D58B
:10309000A16D6FF0020202EB3132032A08D34FEA2E
:1030A000313129B1012929D104F1080004F0C4FE0D
:1030B000054698B9D8F8B400A16D20F4E040084363
:1030C000C8F8B400002008E001200125AEE700BFE9
:1030D00001200126A1784907DAD43546A17889066E
:1030E00022D5616E05293BD802290DD0024690B148
:1030F000D4E900139B051CD438E000BF0120012552
:10310000A1788906EDD40FE004F1080004F094FEE4
:1031100000280246ECD1D8F8C000616E20F007000C
:103120000843C8F8C00000202A46D4E900139B05D4
:103130001CD5A36E43F00806082E0BD1814660B95A
:10314000D8F8C00020F008001843C8F8C0000020DC
:103150000CE000BF01204FF00109890109D462E0B1
:1031600001200122D4E900139B05E2D49146890194
:1031700059D54FF60846CFF6FF768246B85940F04B
:103180000100B851FEF734FC054600BFB859C0072E
:1031900008D1FEF72DFC401B0228F7D9032003219C
:1031A00042E000BF5046BAF1000F51463CD1D8F87A
:1031B000C80010F4407017D0A16F884211D0D8F821
:1031C000C800D8F8C81020F4407041F48031C8F825
:1031D000C810D8F8C81021F48031C8F8C810C8F851
:1031E000C800C00740F02A81A06F39684FF6CF733E
:1031F00000F4407221F47C51C0F2FF0303EA101383
:10320000B2F5407F08BF19433960D8F8C8106FF392
:103210001F3021F44071C8F8C810D8F8C81008430E
:10322000C8F8C80000204946226853011BD5236E08
:103230006FF0010707EB3317022F0AD34FEA33175A
:103240003FB1012F34D1D8F8007047F40037C8F8E7
:103250000070064640B9D8F8C00020F0300018438E
:10326000C8F8C00000200E46110125D5E16ECA1E27
:10327000022A09D3012913D0002949D1D8F8001016
:1032800041F40031C8F800100546B0B9D8F8B800CC
:10329000E16E20F007000843C8F8B80000200BE0FA
:1032A00004F1080004F0C8FD054630B9EEE700BFA0
:1032B000012001261101D9D43546E178C9062CD563
:1032C000216F6FF0020202EBF102022A0BD34FEAE8
:1032D000F101012914D000294AD1D8F8001041F495
:1032E0000031C8F800100646C0B9D8F8B800216F00
:1032F00020F038000843C8F8B80000200DE000BFF7
:1033000004F1080004F098FD064638B9EDE700BF67
:1033100001200125E178C906D2D42E46E17889063C
:103320002BD5616F6FF0020202EBB112022A0BD3B0
:103330004FEAB111012913D0002951D1D8F800105A
:1033400041F40031C8F800100546B8B9D8F8B80003
:10335000616F20F4E0700843C8F8B80000200CE06A
:1033600004F1080004F068FD054638B9EEE700BF37
:1033700001200126E1788906D3D435462179490711
:1033800033D5E16D59B1B1F5007F11D0B1F5807F32
:1033900020D1D8F8001041F40031C8F800100646DA
:1033A00068B12179C90624D43046BDE8F08700BF52
:1033B00004F1080004F040FD00280646F1D1D8F8D9
:1033C000C000E16D20F440700843C8F8C000002040
:1033D0000BE000BF012001262179C906E4D508E0F1
:1033E0000120012521794907CBD42E462179C90630
:1033F000DAD5E16F302911D020290BD010291CBF5C
:103400000120BDE8F087D8F8001041F40031C8F879
:10341000001003E004F1080004F00EFD002818BFBE
:10342000BDE8F087D8F8BC00E16F20F03000084319
:10343000C8F8BC003046BDE8F08700BFFEF7D8FAF8
:10344000054641F2883600BFD8F8C80080073FF52E
:10345000CBAEFEF7CDFA411B0320B1424FF0030182
:10346000F2D9E1E62DE9F04381B0002800F0D080E8
:1034700042F20008C4F202080446D8F800000D46E3
:1034800000F00F0081420DD9D8F8000020F00F00A5
:103490002843C8F80000D8F8000000F00F00A84248
:1034A00040F0B680206840F62047C106C4F20247CB
:1034B0000CD561693A68702303EA1222914205D95A
:1034C0003A6822F4E04242EA0121396001070CD552
:1034D00021693A68702303EA1212914205D93A68C9
:1034E00022F4E06242EA0111396041070AD5E1683D
:1034F0003A6802F07002914204D93A6822F07002F0
:103500001143396081070AD5A1683A6802F00F02B9
:10351000914204D93A6822F00F0211433960C00782
:1035200068D1206881070AD5A1683A6802F00F02C5
:10353000914204D23A6822F00F0211433960D8F860
:10354000001001F00F018D420CD2D8F8001021F0CC
:103550000F012943C8F80010D8F8001001F00F013E
:10356000A94255D141070AD5E1683A6802F07002D4
:10357000914204D23A6822F0700211433960010787
:103580000CD521693A68702303EA1212914205D2E0
:103590003A6822F4E06242EA01113960C0060CD5B3
:1035A00060693968702202EA1121884205D23968BF
:1035B00021F4E04141EA0020386000F007F9396861
:1035C0004BF6781201F00F01C0F60002525C40F297
:1035D0003801C2F20001096840F2D00320FA02F279
:1035E000C2F2000308461A6001B0BDE8F043FEF7DE
:1035F000F5BD00BF606857F8201C01280CD00228D8
:1036000004D003285AD1890102D507E0890305D4E3
:10361000012001B0BDE8F0838905F9D557F8041CF5
:1036200021F00301084347F8040CFEF7E1F9616853
:103630000646032941F2883939D0022929D00129C7
:1036400010D100BF57F8040C00F0180008283FF410
:1036500068AFFEF7CDF9801B48454FF00300F1D964
:103660000DE000BF57F8040C10F0180F3FF459AFED
:10367000FEF7BEF9801B48454FF00300F2D901B0B8
:10368000BDE8F083FEF7B4F9801B48454FF0030016
:10369000F5D857F8040C00F018001028F2D140E7D4
:1036A000FEF7A6F9801B48454FF00300E7D857F80E
:1036B000040C00F018001828F2D132E78907A7D5CA
:1036C000ACE7000080B500F081F840F62041C4F27C
:1036D000024109684BF6781201F00F01C0F60002B2
:1036E000515C01F01F01C84040F2D001C2F200015C
:1036F000086080BD80B500F069F840F62041C4F252
:1037000002410A684BF6781302F00F02C0F600037C
:103710009A5C02F01F02D04040F2D002C2F20002D6
:10372000106009684BF68812C1F30211C0F600025E
:10373000515C01F01F01C84080BD000080B500F061
:1037400045F840F62041C4F202410A684BF678136E
:1037500002F00F02C0F600039A5C02F01F02D04094
:1037600040F2D002C2F20002106009684BF68812E3
:10377000C1F30221C0F60002515C01F01F01C840F4
:1037800080BD000080B500F021F840F62041C4F271
:1037900002410A684BF6781302F00F02C0F60003EC
:1037A0009A5C02F01F02D04040F2D002C2F2000246
:1037B000106009684BF68812C1F30231C0F60002AE
:1037C000515C01F01F01C84080BD000080B540F68B
:1037D0000041C4F20241C86900F01800082802BF85
:1037E00040F60010C0F23D0080BDC86910F0180F0F
:1037F00034D0C86900F01800102802BF47F6400016
:10380000C0F27D1080BDC86900F01800182849F288
:103810000000C0F2D03066D1D1F828E08A6AC2F345
:10382000052C8A6A8B6BBCF1000F04BF002080BDA1
:10383000DB08D20603EAE2726FF35F3200EE102A71
:103840000EF00302B8EE400A032A15D0012A17D160
:103850000A68920618D49FED251A1DE008688006B4
:1038600049F20000C0F2D03058BF80BD0968C1F3F2
:10387000C101C84080BD00BF9FED1B1A0CE000BF16
:103880009FED1B1A08E000BF0A68C2F3C102D040D6
:1038900001EE100AB8EE411A02EE10CA486BB8EEFB
:1038A000422A6FF35F2081EE021A02EE100A9FEDAA
:1038B000113AB8EE422A20EE030A486B30EE020AB3
:1038C000B7EE002AC0F3462030EE020A013021EEA6
:1038D000000A01EE100AB8EE411A80EE010ABCEEB1
:1038E000C00A10EE100A80BD20BCBE4B0024744CF0
:1038F0000024744A00000039002804BF01207047EA
:103900002DE9F04381B040F6004740F6F049044607
:10391000C4F20247C4F20249F86959F8C81C227877
:1039200000F01808D00601F003062AD5B8F1080FF8
:103930001CD0B8F1180F08BF022E17D0E169386803
:10394000002900F06D8140F480703860FEF750F877
:10395000054600BF386880050CD4FEF749F8401BC7
:1039600002284FF00300F5D958E200BFE0690028B3
:1039700000F0E480B869216A20F47C1040EA01403C
:10398000B8612078C00719D0B8F1100F12D0B8F183
:10399000180F08BF032E0DD061683868B1F5A02F4D
:1039A00060DA002900F0B081B1F5803F00F0CE81EF
:1039B0009EE100BF6068002800F0C080207880078A
:1039C00077D5B8F1000F21D0E068B8F1180F08BF23
:1039D000012E55D03968002800F06681206921F059
:1039E000180108433860386840F001003860FDF77E
:1039F000FFFF05463868800754D4FDF7F9FF401BE8
:103A000002284FF00300F5D908E200BFE068002863
:103A100000F094803968206901F01801814231D0AA
:103A2000396821F0180108433860FFF7CFFE396A82
:103A30004BF6781201F00F01C0F60002515C40F223
:103A4000D00201F01F0120FA01F140F23800C2F269
:103A500000000068C2F200021160FEF7BFFB002800
:103A60006CD10FE000F06A81B1F5A81F40F04081F1
:103A700040F480203860386840F4801064E100BF72
:103A800000285BD0FDF7B4FF054600BF386880070B
:103A900008D4FDF7ADFF401B0228F7D9032001B081
:103AA000BDE8F0833869616920F4FE0040EA014016
:103AB00038612078000745D4207840075CD420780E
:103AC000800600F17F80A56AA5B3B8F1180F40F019
:103AD000C98059F8C81C59F8BC0C012D2ED0E26AD7
:103AE00001F00303934229D1C1F30521226B9142D6
:103AF00024D1626B01466FF35F21013A91421DD1DF
:103B0000A16BC0F3462201398A4217D1E16BC0F3A1
:103B1000064201398A4211D1216CC0F30660013995
:103B200088420BD159F8B80CE16CC0F3CC00884244
:103B300040F0E881002001B0BDE8F083012001B031
:103B4000BDE8F083A169D9F80000002952D040F007
:103B50008060C9F80000FDF74BFF0546D9F800006A
:103B60000001A9D4FDF744FF401B0228F6D9032029
:103B700001B0BDE8F08300BF4FF62446CFF6FF76D4
:103B8000B859C00712D1B85940F00100B851FDF73B
:103B90002FFF0546B859C00708D1FDF729FF401B84
:103BA00002284FF00300F5D938E100BFA168D9F829
:103BB0000000042946DC002900F0EA80012900F019
:103BC0001781D5E0616A3868002900F07F8040F4F1
:103BD00080503860FDF70CFF054600BF3868800450
:103BE0003FF571AFFDF704FF401B02284FF00300C3
:103BF000F4D913E120F08060C9F80000FDF7F8FE69
:103C0000054600BFD9F8000000017FF555AFFDF76C
:103C1000EFFE401B02284FF00300F3D9FEE000BF87
:103C200020F480703860FDF7E3FE054638688005B3
:103C30007FF5A7AEFDF7DCFE401B02284FF0030026
:103C4000F4D9EBE0052900F0C780852940F0908089
:103C500040F00400C9F80000D9F8000040F08000EE
:103C6000C2E000BF386820F080703860FDF7C0FE09
:103C7000022D05460CD100BF3868800140F1D2808A
:103C8000FDF7B6FE401B02284FF00300F4D9C5E053
:103C90003868800140F12881FDF7AAFE401B022808
:103CA0004FF00300F4D9B9E021F001003860FDF7CE
:103CB0009FFE0546386880077FF5FBAEFDF798FE4E
:103CC000401B02284FF00300F4D9A7E020F48050F5
:103CD0003860FDF78DFE0546386880047FF5F3AE49
:103CE000FDF786FE401B02284FF00300F4D995E053
:103CF00020F480303860386820F4802038603868DC
:103D000020F4801024E000BF20F480303860386850
:103D100020F480103860386820F480203860FDF787
:103D200067FE0546386880037FF548AEFDF760FE04
:103D3000401B64284FF00300F4D96FE040F480206A
:103D40003860386820F480103860386840F480307B
:103D50003860FDF74DFE0546386880033FF52EAE0E
:103D6000FDF746FE401B64284FF00300F4D955E0F0
:103D700020F00100C9F80000D9F8000020F004008C
:103D8000C9F80000D9F8000020F0800032E000BF40
:103D900020F00100C9F80000D9F8000020F08000F0
:103DA000C9F80000D9F8000020F00400C9F80000AC
:103DB000FDF71EFE054641F2883600BFD9F8000027
:103DC00080077FF57CAEFDF713FE401BB0424FF03D
:103DD0000300F3D922E000BF40F00400C9F800005E
:103DE000D9F8000020F08000C9F80000D9F80000E0
:103DF00040F00100C9F80000FDF7FAFD054641F268
:103E0000883600BFD9F8000080073FF558AEFDF7AF
:103E1000EFFD401BB0424FF00300F3D901B0BDE805
:103E2000F08300BF59F8C80C43F6037104F12C036A
:103E300088430ECB084340EA0220A16B49F8C80C26
:103E40004FF47E4202EB4121E26B581E4FF4FE0319
:103E500089B203EB02426FF35F20084402F4FE01D3
:103E6000226C4FF0FE4303EB0262084402F0FE4175
:103E7000084449F8BC0C59F8C80C20F0100049F867
:103E8000C80CE06CC00049F8B80C59F8C80C40F0F8
:103E9000100049F8C80C59F8C80C616C20F00C00EF
:103EA000084349F8C80C59F8C80CA16C20F0200050
:103EB000084349F8C80C59F8C80C40F4803049F858
:103EC000C80C386840F080703860FDF791FD0446FA
:103ED000386880013FF52EAEFDF78AFD001B0228F1
:103EE0004FF00300F4D999E759F8C80C4FF6FC716C
:103EF000CFF6F871084049F8C80C002001B0BDE8C1
:103F0000F08300BF59F8C80C20F0100049F8C80C25
:103F1000FDF76EFD0546FDF76BFDA842FBD0E06C9A
:103F2000C00049F8B80C59F8C80C40F0100049F826
:103F3000C80C002001B0BDE8F083000091E8051036
:103F4000CB68104347F61C02C4F200421060886937
:103F500043EA0C02104347F62042C4F2004250608C
:103F60001068D1E9043120F0FF10184340EA014104
:103F70000020116070470000002804BF0120704736
:103F800070B5044690F82D0028B9002084F82C0064
:103F9000204600F063F8022047F60C06C4F2004603
:103FA00084F82D003068C00652D4CA20B061532076
:103FB000B061306840061DD4306840F08000306049
:103FC000FDF716FD3168490614D40546FDF710FDCE
:103FD000411B3068B1F57A7F02D84006F6D509E07A
:103FE000400607D4032084F82D003168FF21B16119
:103FF00070BD00BFF0684FF6BF71CFF68F3108403B
:10400000F060231D22690BCB43EA01411043A269F2
:10401000F56810432843F06071603068D4E90912F4
:1040200020F4F850084310433060204603F098FF16
:1040300010B1FF21B16170BDF068D4E9071220F022
:1040400060406369104308431843F060FF20B0618B
:10405000012084F82D00002070BD000010B5A4B030
:10406000044602A808308021FCF75EF9206847F674
:104070000001C4F20041884202D024B010BD00BF4C
:10408000002003904FF0007002904FF400702090D9
:1040900002A8FEF797FE002818BFFCF76DFC40F65B
:1040A000A840C4F20240816C41F40041816401687F
:1040B00041F400110160006800F4001001900198C3
:1040C00024B010BD042888BF7047DFE800F0031B50
:1040D00013352D004EF21000CEF20000016821F0E1
:1040E0000401016040F6E440C4F20240016821F09E
:1040F0000C0120E04EF21000CEF200000168022216
:1041000006E000BF4EF21000CEF20000016801226E
:1041100021F00401016040F6E440C4F2024001686D
:1041200062F3830107E000BF4EF21000CEF2000000
:10413000016841F0040101607047000010B540F2D1
:104140002C30C2F20000D0E90021D0E9024E531C0D
:1041500003604B1C4360631CD0F810C083600EF1F9
:104160000103C3600CF10103002A036103D401229F
:10417000426100220260042912DA092C16DABEF12B
:10418000630F03DB012101620021C16040F2E731CE
:104190008C45B8BF10BD012141620021016110BDF5
:1041A0000121816100214160092CE8DB0121C1610D
:1041B00000218160BEF1630FE4DAE7E7411E0020D1
:1041C000B0EB116F1CBF012070474EF21002CEF20F
:1041D000000251609060116841F003011160704766
:1041E0004EF21000CEF200000068400744BF0420E9
:1041F000704740F6E440C4F20240006802A100F0BB
:104200000C000858704700BF0000000001000000CB
:104210000200000000000000FFF790BF90F884103B
:10422000012904BF022070472421C0F888100168CA
:104230000A680B6822F0005223F001030B60002390
:1042400043660A602021C0F8881080F8843000207E
:1042500070470000704700007047000090F884200D
:10426000012A04BF02207047B0B52422C0F888207C
:104270000268D0F864E0D2F800C01368BEF1000F05
:1042800023F001031360936823F0606341EA0301A4
:10429000916019D0936891684BF6A83E490FC0F61B
:1042A000000E4BF6B0351EF80140C0F60005C3F312
:1042B0004263695CE400B4FBF1F11EF80340EB5C7F
:1042C000E500B5FBF3F301E001210123A0F86A103A
:1042D0002021A0F86830C2F800C0C0F88810002182
:1042E00080F884100020B0BD90F88420012A04BF1B
:1042F00002207047B0B52422C0F888200268D0F8A8
:1043000064E0D2F800C01368BEF1000F23F001038F
:104310001360936823F0604341EA0301916019D070
:10432000936891684BF6A83E490FC0F6000E4BF615
:10433000B0351EF80140C0F60005C3F34263695C66
:10434000E400B4FBF1F11EF80340EB5CE500B5FBC3
:10435000F3F301E001210123A0F86A102021A0F865
:104360006830C2F800C0C0F88810002180F88410BE
:104370000020B0BD7047000070470000B0B5044693
:104380000068D4F88810D4F88C508268120640F186
:104390008280212940F07F80206850E8020F216848
:1043A00020F0800041E80202DAB1206850E8020FF4
:1043B000216820F0800041E8020292B1206850E8B4
:1043C000020F216820F0800041E802024AB1206813
:1043D00050E8020F216820F0800041E80202002A24
:1043E000DAD1E06F40B1FCF71FFE28B1E06FFCF7B7
:1043F00011FF102800F08980206850E8000F216824
:1044000020F0C00041E80002BAB3206850E8000F75
:10441000216820F0C00041E8000272B3206850E833
:10442000000F216820F0C00041E800022AB3206894
:1044300050E8000F216820F0C00041E80002002A87
:10444000DAD11AE0206850E8020F216820F4000059
:1044500041E80202DAB1206850E8020F216820F436
:10446000000041E8020292B1206850E8020F216882
:1044700020F4000041E802024AB1206850E8020F2F
:10448000216820F4000041E80202002ADAD120204D
:10449000C4F888002068806840064FF0000040F1B2
:1044A000B280222D18BFB0BD206850E8020F2168ED
:1044B00020F0400041E80202DAB1206850E8020F23
:1044C000216820F0400041E8020292B1206850E8E3
:1044D000020F216820F0400041E802024AB1206842
:1044E00050E8020F216820F0400041E80202002A53
:1044F000DAD1D4F8800068B1FCF796FD50B1D4F859
:104500008000FCF787FE102804D11020C4F890002A
:104510000320B0BD206850E8000F216820F490709F
:1045200041E80002DAB1206850E8000F216820F469
:10453000907041E8000292B1206850E8000F2168B5
:1045400020F4907041E800024AB1206850E8000F62
:10455000216820F4907041E80002002ADAD14FF679
:10456000FE70CEF6FF7000BF216851E8021F22687E
:10457000014042E80213C3B1216851E8021F2268DA
:10458000014042E8021383B1216851E8021F22680A
:10459000014042E8021343B1216851E8021F22683A
:1045A000014042E80213002BDED1E06E012824D145
:1045B000206850E8000F216820F0100041E8000258
:1045C000DAB1206850E8000F216820F0100041E8BF
:1045D000000292B1206850E8000F216820F010001E
:1045E00041E800024AB1206850E8000F216820F03D
:1045F000100041E80002002ADAD12020C4F88C0023
:104600000020E0666067B0BD002804BF012070474D
:1046100010B52421C0F88810016804460A6822F009
:1046200001020A6000220A604A608A6000F01CFBF6
:104630000020C4F89000C4F88800C4F88C00E0663C
:10464000206784F8840010BD7047000070B50268D0
:1046500040F62F04D369116896681C40202C0BD1BA
:1046600001F0200406F080552D1916D0416F61B37A
:10467000BDE87040084700BF40F60F052B420CD044
:104680000125C1F2000506EA050C40F22015C0F232
:1046900000450D4015EB0C0524D1C46EDD0615D583
:1046A000012C13D111F0100510D010211162916866
:1046B000490661D4B0F85C10B0F85E20B0F85E3006
:1046C000002B18BF914240F0058270BDDD0215D568
:1046D00016F4800512D04FF480111162BDE87040CD
:1046E000FFF74ABEDD0718BF11F4807540F0F8806F
:1046F0009D0706F0010E00F1FF8008E11A0606D5BD
:1047000001F0800206F40006921940F063825A0616
:1047100040F1DA8011F0400200F0D680016851E8E3
:10472000001F026821F0400142E80013DBB101687C
:1047300051E8001F026821F0400142E8001393B1E4
:10474000016851E8001F026821F0400142E80013AF
:104750004BB1016851E8001F026821F0400142E8B6
:104760000013002BDAD12021C0F8881000218167C6
:10477000BDE8704001F006B8D0F8802011688B6C5D
:10478000B0F85C4099B2002900F09080A14280F01E
:104790008D80A0F85E30116D81297BD0016851E8D1
:1047A000001F026821F4807142E80013BBB3016866
:1047B00051E8001F026821F4807142E8001373B3CE
:1047C000016851E8001F026821F4807142E800137B
:1047D0002BB3016851E8001F026821F4807142E8A0
:1047E0000013002BDAD11AE0016851E8021F0268B9
:1047F00021F0010142E80213DBB1016851E8021F18
:10480000026821F0010142E8021393B1016851E806
:10481000021F026821F0010142E802134BB1016856
:1048200051E8021F026821F0010142E80213002B47
:10483000DAD12021C0F88C100021C166016851E84E
:10484000001F026821F0100142E80013DBB101688B
:1048500051E8001F026821F0100142E8001393B1F3
:10486000016851E8001F026821F0100142E80013BE
:104870004BB1016851E8001F026821F0100142E8C5
:104880000013002BDAD1D0F8801004460846FCF75C
:10489000CBFB204602210167B0F85C10B0F85E2027
:1048A000891A89B2BDE87040FFF7D4BC8C427FF40E
:1048B0000CAF126D812A7FF408AF02220267BDE8B7
:1048C0007040FFF7C7BC00BF1A0240F18F8111F0A2
:1048D000804200F08B81BDE87040FFF74BBD00BF08
:1048E00001251562D0F8905045F00105C0F89050B0
:1048F0009D0706F0010E0AD5BEF1000F07D0022475
:104900001462D0F8904044F00404C0F890405C0772
:104910000AD5BEF1000F07D004251562D0F89050DB
:1049200045F00205C0F890501D070CD501F0200598
:1049300055EA0C0507D008251562D0F8905045F0CF
:104940000805C0F890501D050BD511F0806508D002
:104950004FF400651562D0F8905045F02005C0F87E
:104960009050D0F89050002D3FF4AFAE9B060BD581
:1049700001F0200106F08053C91805D0416F19B12C
:104980000446884722682046D0F89010926801F0CB
:10499000280102F04002891806D10446FFF754FEB0
:1049A0000020C4F8900070BD016851E8001F026843
:1049B00021F4907142E80013DBB1016851E8001F57
:1049C000026821F4907142E8001393B1016851E844
:1049D000001F026821F4907142E800134BB1016896
:1049E00051E8001F026821F4907142E80013002B87
:1049F000DAD14FF6FE71CEF6FF7100BF026852E8C1
:104A0000022F03680A4043E80226C6B1026852E852
:104A1000022F03680A4043E8022686B1026852E882
:104A2000022F03680A4043E8022646B1026852E8B2
:104A3000022F03680A4043E80226002EDED1C16E31
:104A4000012924D1016851E8001F026821F01001FA
:104A500042E80013DBB1016851E8001F026821F051
:104A6000100142E8001393B1016851E8001F026889
:104A700021F0100142E800134BB1016851E8001F1A
:104A8000026821F0100142E80013002BDAD1202146
:104A9000C0F88C100021C166026841679168490620
:104AA00040F1A080D0F88010002900F09B8048F2EF
:104AB0000552C0F6000204460846CA66FCF708FB29
:104AC00000283FF402AED4F88000C16EBDE870400B
:104AD000084700BF891A00BF026852E8002F036828
:104AE00022F4907243E80026DEB1026852E8002FFB
:104AF000036822F4907243E8002696B1026852E8F7
:104B0000002F036822F4907243E800264EB1026839
:104B100052E8002F036822F4907243E80026002E2A
:104B2000DAD14FF6FE72CEF6FF7200BF036853E88B
:104B3000023F0668134046E80235C5B1036853E8F2
:104B4000023F0668134046E8023585B1036853E822
:104B5000023F0668134046E8023545B1036853E852
:104B6000023F0668134046E80235002DDED12022C0
:104B7000C0F88C200022C266426700BF026852E87B
:104B8000002F036822F0100243E80026DEB102681D
:104B900052E8002F036822F0100243E8002696B185
:104BA000026852E8002F036822F0100243E8002652
:104BB0004EB1026852E8002F036822F0100243E869
:104BC0000026002EDAD1022289B20267BDE87040C9
:104BD000FFF740BB816F00293FF477ADBDE870401F
:104BE000084700BFBDE87040FFF72EBDDA017FF532
:104BF0006CADB1F1FF3FC8BF70BDBDE87040FFF7BD
:104C00002BBB000010B5D8B10446D0F8880028B9F5
:104C1000002084F88400204600F082F82420C4F8A4
:104C200088002068A16A0268002922F0010202605F
:104C30001CBF204603F03CFB204604F0C7FA08B135
:104C4000012010BD2168486820F4904048608868C1
:104C500020F02A008860086840F0010220460A60BF
:104C6000BDE8104003F098BB10B5016844F2004263
:104C7000C4F2000291423DD044F60002C4F20002A8
:104C800091421BD043F60000C4F20100814218BFDC
:104C900010BD40F69C40C4F20240816821F480417E
:104CA000816040F20040C4F202204FF44041FCF722
:104CB0003BFD3A20BDE81040FDF7E6BA40F69C41C6
:104CC000C4F202410A68044622F480220A6040F2DB
:104CD0000041C4F2022108464FF4A061FCF724FD14
:104CE000D4F88000FCF726FA3C20BDE81040FDF720
:104CF000CBBA00BF40F69C40C4F20240016821F4E8
:104D00000031016040F20040C4F20220A0F5806052
:104D10000C21FCF709FD3B20BDE81040FDF7B4BABB
:104D20002DE9F041C4B00446002524A86C21439528
:104D3000CDE94155CDE93F55FBF7F6FA02A88821A8
:104D4000FBF7F2FA206844F20041C4F20001884205
:104D500000F0F68044F60001C4F2000188423DD024
:104D600043F60001C4F20101884240F02381012092
:104D70000024029002A80394FEF724F8002818BF2C
:104D8000FBF7FAFD40F68C40C4F20240816941F421
:104D900080418161816901F480410191019901683B
:104DA00041F00201016000683FA900F0020001909B
:104DB00001984FF440403F900220CDE94004042088
:104DC000439040F20040C4F202204294FCF72EFDD2
:104DD0003A20022100223A24E7E000BF0420002705
:104DE000029002A80397FDF7EDFF002818BFFBF71C
:104DF000C3FD40F68C40C4F20240016940F2004815
:104E000041F4802101610169C4F2022801F480218A
:104E10000191019901683FAE41F002010160006813
:104E2000022500F00200019001984FF480603F904D
:104E30000720439040463146CDE940554297FCF764
:104E4000F5FC4FF480703FA9A1C10D20439040466E
:104E500031464295FCF7EAFC40F20050C4F20040B3
:104E6000016840F2F02641F4802101602120249065
:104E70001920CDE925074FF40020C2F20006CDE944
:104E80002907012006F11805CDE92D0024A829469F
:104E9000CDE927772B973597CDE92F77CDE9317776
:104EA0003397FBF7BBFD002818BFFBF765FD3046C5
:104EB00000212A46FBF7DEFE002818BFFBF75CFD49
:104EC00040F2F020C2F20000FBF7BEFF002818BF3E
:104ED000FBF752FD40F258605021C2F20000C4F2CC
:104EE000020101604FF4800100228123C0E90E120B
:104EF000C0E910228364FBF74BFE002818BFFBF7C4
:104F00003BFD40F25865C2F2000540F2F021C2F2CA
:104F100000012846FBF744FF002818BFFBF72CFDD3
:104F200028461021C4F88050EC65FCF7E5F800280D
:104F300018BFFBF721FD3C20022100223C2434E075
:104F4000022402A803950294FDF73CFF002818BF35
:104F5000FBF712FD40F68C40C4F20240016941F4B7
:104F600000310161016901F4003101910199016889
:104F700041F00101016000683FA900F001000190CB
:104F800001980C20CDE93F040020CDE94100072025
:104F9000439040F20040C4F20220A0F58060FCF78C
:104FA00045FC3B20002100223B24FDF795F92046DB
:104FB000FDF780F944B0BDE8F08100002DE9F04331
:104FC00081B00446D0F88C0020281EBF022001B01A
:104FD000BDE8F0830E4600294FF0010018BF002AFB
:104FE00002D101B0BDE8F08320689946816815467A
:104FF000490603D5816821F040018160002022210B
:10500000C4F89000C4F88C10E066FCF7F1FCA4F83A
:105010005C50A4F85E50A1688046C9B1B1F1805FD0
:1050200012D0B1F5805F17D12069FF270146002813
:105030001CBF31460026002808BF40F2FF17A4F825
:10504000607035460E4617E0206918B13F2706E02C
:10505000206918B17F2702E0002700E0FF27002524
:10506000A4F8607008E000BF384006F8010BB4F8FF
:105070005E000138A4F85E00B4F85E0090B12046EE
:10508000202100224346CDF8009004F00BFD88B9A2
:105090002068002E406AE7D1384025F8020B002630
:1050A000E5E700BF00202021C4F88C1001B0BDE866
:1050B000F08300BF03202021C4F88C1001B0BDE8AC
:1050C000F083000080B5D0F88C30202B08D1002967
:1050D0004FF0010318BF002A06D1184680BD00BF5B
:1050E0000223184680BD00BF0023C366D0F800C06D
:1050F00042F20043C4F200439C4503D0DCF8043084
:105100001B0203D4BDE8804004F02EB9036853E8C5
:1051100000CFD0F800E04CF080634EE8003CBCF1DA
:10512000000FEFD0036853E800CFD0F800E04CF058
:1051300080634EE8003CBCF1000FE3D0036853E805
:1051400000CFD0F800E04CF080634EE8003CBCF1AA
:10515000000FD7D0036853E800CFD0F800E04CF040
:1051600080634EE8003CBCF1000FCFD1CAE70000DD
:10517000D0F88C30202B07D100294FF0010318BF45
:10518000002A05D11846704702231846704700BF11
:1051900080B50023C366D0F800C0DCF808305B0699
:1051A00005D5DCF8083023F04003CCF8083042F293
:1051B0000043C4F200439C4503D0DCF804301B02DA
:1051C00004D404F095F9002080BD00BF036853E8C3
:1051D00000CFD0F800E04CF080634EE8003CBCF11A
:1051E000000FEED0036853E800CFD0F800E04CF099
:1051F00080634EE8003CBCF1000FE2D0036853E846
:1052000000CFD0F800E04CF080634EE8003CBCF1E9
:10521000000FD6D0036853E800CFD0F800E04CF080
:1052200080634EE8003CBCF1000FCFD1C9E700001D
:1052300070B5006844F20041C4F2000188420DD00C
:1052400043F60001C4F20101884206D140F2FC108D
:10525000C2F200000078012822D170BD40F2FC109B
:10526000C2F200000078002850D0012818BF70BD9D
:1052700040F24445C2F20005A88A002872D195F890
:105280002D10AC296ED0002340F2FC7005F12D01E9
:10529000C2F200000122AB82BDE87040FFF768BF98
:1052A00040F24441C2F20001CA89487840F63435E0
:1052B000C2F20005531CA85440F2D4429CB2C2F280
:1052C00000029268632C88BF00238242CB810FD1F9
:1052D0004FF48032C1F80A2000220A7040F208021E
:1052E000C2F2000213780425002B18BF0625558052
:1052F000A0F1790212F1090F52D8A0F1C1034A8935
:10530000072B51D8042A59D14EE000BF40F2444542
:10531000C2F20005A978288A40F628264B1CC2F262
:1053200000065CB2325CAB7040F6B423C2F20003FC
:10533000B4F1FF3F5A54DCBF0021A970002861D1AD
:105340003178AA295ED040F2FC7040F62821002373
:10535000C2F20000C2F2000101222B82BDE87040BF
:10536000FFF706BF013081B2A8820A296CD305F18C
:105370002D04204602F01AFC0020A882C5F82D005A
:10538000C5F83100A5F8350040F20040C4F2022013
:1053900008210022FCF726FBA88A211873E000BF31
:1053A0004A89042A0AD104228B89012B1ED140F29A
:1053B0000803C2F200035B880AE000BF01228A8171
:1053C0000A7040F20802C2F2000205235380002254
:1053D000551CACB20A449C424D8182F8200005D392
:1053E0000C4602F0EDFA21460020A081002001F8D1
:1053F000010F40F26870C2F200000122BDE8704067
:10540000FFF7B6BE0C280DD3B6F80510AE61093112
:105410008AB26982802A20D24FF0FF3212FA81F1DB
:10542000814217DD431C98B27F2888BF002340F2D9
:10543000FC7016FA83F1C2F2000001222B82BDE853
:105440007040FFF795BE00BF15FA80F000F12D0106
:1054500019E000BF304602F049FC002028613046C8
:105460008021FAF761FF022005F0B0FA40F2004017
:10547000C4F2022008210022FCF7B4FA022005F051
:10548000A5FA288A311840F2FC70C2F2000001220D
:10549000BDE87040FFF76CBE704700002DE9F04199
:1054A0000446D0F8880020281CBF0220BDE8F08107
:1054B00000294FF0010018BF002A01D1BDE8F0819A
:1054C0002068884681681D461646090603D581680E
:1054D00021F0800181600020C4F890002120C4F8F0
:1054E0008800FCF785FAA4F85460A4F85660A16817
:1054F0000646B1F5805F02D12069002864D0474696
:105500000020B4F856202168002A65D06A1C26D0F5
:10551000002D51D0804600BFC869000608D4FCF7B2
:1055200067FA801BA84200F2818021680868F3E7CF
:1055300017B117F8010B04E038F8020B00276FF3DE
:105540005F208862B4F856000138A4F85600B4F819
:1055500056000028E0D13FE0CA69120609D4CA69A2
:10556000120606D4CA6912065CBFCA695FEA026203
:10557000F2D51FB117F8012B05E000BF30F8022B60
:1055800000276FF35F228A62B4F85620013AA4F82C
:105590005620B4F85620002AE1D11DE030F8022B45
:1055A00000276FF35F228A62B4F85620013AA4F80C
:1055B0005620B4F856207AB1CA69120634D5002FA5
:1055C000ECD017F8012BEEE700274046B4F8562040
:1055D0002168002A7FF49AAFC86940061ED41DB323
:1055E000681C14D1C869400626D4C869400623D473
:1055F000C869400620D4C86940064FF00000F1D5C4
:105600000DE000BF20680168C069400614D4FCF7B3
:10561000EFF9801BA842F5D908E000BF0020202147
:10562000C4F88810BDE8F081FCF7E2F903202021DE
:10563000C4F88810BDE8F08100202021C4F888104B
:10564000BDE8F081D0F88830202B07D100294FF039
:10565000010318BF002A05D11846704702231846D7
:10566000704700BFD0F800C0DCF808301B0605D535
:10567000DCF8083023F08003CCF808300165002105
:10568000A0F85420A0F85620C0F890102121C0F8AE
:105690008810426E8168B2F1005F35D1B1F5805F4C
:1056A00002D10169002961D049F6C911C0F6000193
:1056B000816700BF016851E8021F026841F40001E0
:1056C00042E80213002B4ED0016851E8021F026825
:1056D00041F4000142E80213002B44D0016851E874
:1056E000021F026841F4000142E80213DBB30168C3
:1056F00051E8021F026841F4000142E80213002B46
:1057000004BF00207047D5E7B1F5805F01D1016982
:1057100091B349F60111C0F600018167016851E8B3
:10572000001F026841F0800142E80013DBB101680C
:1057300051E8001F026841F0800142E8001393B174
:10574000016851E8001F026841F0800142E800133F
:105750004BB1016851E8001F026841F0800142E846
:105760000013002BDAD10020704700BF49F6210159
:10577000C0F600019CE700BF49F25571C0F6000178
:10578000CBE70000006843F60001C4F20101884243
:1057900018BF704780B540F20040C4F202202021BB
:1057A0000022FCF71FF9012005F010F940F24440F7
:1057B000C2F20000411C40F26870C2F200000122F7
:1057C000BDE88040FFF7D4BC2DE9F04F81B0027EE8
:1057D000067B457E90F81AB040F23C2AC17E477F96
:1057E00090F81EE040F20009C2F2000A552AC2F207
:1057F00000098AF804208AF801100BD0AA2A02D1E5
:105800000220C9F80000AA2D11D0552D12D1002078
:105810000EE000BF0120C9F8000040F20440C2F2CF
:10582000000000220260CAE90322AA2DEDD1012066
:105830008AF80200BBF1AA0F04D0BBF1550F04D1C6
:10584000002000E001208AF8030040F2D448AA2991
:10585000C2F200080AD1D8F8040022280ED011287C
:1058600004D1744605F0C2FC0BE000BF4FF0550CAC
:10587000D9F80010022920D10AE000BF744605F0D3
:10588000D9FCA6464FF0880CD9F80010022914D193
:10589000AA2F03D0552F04D1002200E00122CAF81C
:1058A0000C20BEF1AA0F05D0BEF1550F05D1002284
:1058B00001E000BF0122CAF8102040F6284945F255
:1058C000AA52C2F20009C2F23422C9F80020012211
:1058D00089F8042003229AF80000A9F809209AF810
:1058E00004200223864289F80B3018BF0026552A6F
:1058F00089F80C6089F80E300CD0662A04D0AA2AE8
:105900000FD15522022907E00222022908BF0122F5
:1059100005E000BF5522012908BF6FF0770289F822
:105920000F204FF40070AA2DA9F8100004D0552DB7
:105930000CD1002101E000BF01219AF8020055229C
:10594000884208BF6FF0770289F812204FF4007088
:10595000BBF1AA0FA9F8130004D0BBF1550F0BD16E
:10596000002100E001219AF803005522884208BF77
:105970006FF0770289F815209AF801004FF4007152
:10598000AA28A9F8161008BF89F818C02A20552F90
:10599000A9F8191089F81D0022D0AA2F32D140F29F
:1059A0000440DAF80C20C2F200000168012A18BF96
:1059B00001291FD18822012989F81E2022D1D8F877
:1059C00004100022112989F81F2000F0F1802229FB
:1059D00040F0FC8008F1740108F13402F0E000BFEF
:1059E000DAF80C005521002808BF6FF0770189F81C
:1059F0001E1002E0552089F81E000020A9F82000A2
:105A0000A9F82400D8E9195708F150064FCED8F864
:105A10006C40A9F8347008F17007A9F82800A9F8BB
:105A20002A10A9F82C20A9F82E30A9F83060A9F87E
:105A30003250A9F836408FCFD8E92165D8F88C408C
:105A4000A9F83800200A89F847000A20BEF1550F4E
:105A5000A9F83A10A9F83C20A9F83E30A9F84070FE
:105A6000A9F84260A9F8445089F8464089F84800EE
:105A70002AD0BEF1660F17D0BEF1AA0F45D1DAF8D1
:105A8000100001282ED040F22C41C2F2000109681A
:105A9000012927D040F2EB31C2F200010978012937
:105AA0002AD1AA202AE000BF40F22C40C2F2000016
:105AB0000068012829D140F2EB30C2F200000078E2
:105AC00018BB66200FE000BFDAF81000552100284F
:105AD00008BF6FF07701002089F84910A9F84A0043
:105AE00011E000BF8820D8F82C10A9F8490089F8E7
:105AF0004B10080A07E000BF38B95520A9F8490043
:105B0000002089F84B0089F84C000A204BF6A812B7
:105B10004BF6A82389F8530089F85E0089F86900DC
:105B20006B2009F10901FF27C0F60002C0F600034F
:105B3000FF26A9F8050000BF0D78FFB26F40D55DC4
:105B40004C78F6B26E406640DF5D955D8C786F40B4
:105B500067409E5DD55DDF5D6E4085B2F6B2032D78
:105B600008D0CD7804386E40955D9E5D6F4004315D
:105B7000E2E700BF46EA0720A9F80700022004F088
:105B800025FF40F20040C4F2022008210122FBF769
:105B900029FF022004F01AFF40F2FC70C2F200005C
:105BA00049467422642301B0BDE8F04FFFF776BC8C
:105BB00040F20C4140F20842C2F20001C2F200027F
:105BC00012680968A9F82020A9F8241000210160B2
:105BD00040F21040C2F20000016040F21440C2F2F4
:105BE000000001600EE7000070B5C268037C807C95
:105BF00040F23C2CC2F2000C8CF83D0002208CF8E4
:105C00003E004FF4E050ACF8400043F23070C3F275
:105C10003120CCF8460043F23200C3F23250CCF8C7
:105C2000420042F63060C3F23000CCF84E0043F23E
:105C3000301045F2AA51C3F22E00C1F23421CCF843
:105C40004A000120CCF82C1001246146C3F2301028
:105C50008CF8304021F8354F0624CCF838209CF8D9
:105C60000020CCF8520042F24E008CF83740ACF8DD
:105C7000560000204BF6A81E4BF6A8248CF83C30AA
:105C80008CF83F208CF85C00CCF858002922FF20CB
:105C9000C0F6000EC0F60004FF23ACF8312000BFB0
:105CA0000D78C0B268401EF80050205C6B4095B281
:105CB000DBB2012D14D04D788E786B401EF8035066
:105CC000E35C754068401EF80050CE786B4073402E
:105CD000205C1EF80350E35C043A68400431DFE7BF
:105CE00043EA00200CF12C04ACF83300022004F04D
:105CF0006DFE40F20040C4F2022008210122FBF7B1
:105D000071FE022004F062FE40F2FC70C2F200005C
:105D1000214632226423BDE87040FFF7BFBB00007C
:105D20002DE9F04140F6983845F2AA5140F23C2264
:105D3000C2F20008C2F23421C2F20002007BC8F8AD
:105D400000100121127840F2D44388F80410022197
:105D5000C2F20003A8F8091088F80B10904218BF8F
:105D60000020596888F80C004FF4F0501129A8F869
:105D70000D000BD1D3E90252DC6A1869A8F8135060
:105D800088F80F20A8F81540183304E0D3E90D2057
:105D9000403388F80F20050A88F8110040F200000F
:105DA000120AC2F2000088F8102000681A6888F809
:105DB00012500138A8F8172004289ABF0FF2983221
:105DC000105C002040F20042C2F20002156800227E
:105DD00088F81B00D5B12B46581E18400CD0431E26
:105DE00018400DD0431E18400ED0431E034002F150
:105DF0000402F1D10AE000BF42F0010206E000BF58
:105E000042F0020202E000BF42F0030240F24740CB
:105E1000C2F20000007888F81C20012804BF01208D
:105E200088F81D0040F2EE3040F2E53240F2E433F3
:105E3000C2F20000C2F20002C2F20003007812783F
:105E40001B7888F81E0043EA020040F2384211290C
:105E5000C2F2000288F81F000CD140F23020C2F2DA
:105E600000000068F0B101282CD1AA21107A88F82E
:105E700023101BE040F29C20C2F200000078C8B161
:105E800001283BD1117AAA2088F8241040F2EF3182
:105E9000C2F20001097888F8230088F8270088F802
:105EA00028100CE0552088F8230000201B2388F8D8
:105EB000240008E05520A8F82300A8F827001D2397
:105EC0001DE000BF192340F23420C2F20000006838
:105ED00070B1012813D108EB0300AA21017340F22D
:105EE000EF31C2F2000109780233417307E000BFCD
:105EF00008EB030055218181023300E0192308EBF0
:105F000003014FF482700882012088745020487584
:105F100010685268C1F81600C1F81A2040F6E41261
:105F2000C2F20002106AD76AC1F81E00108EC1F8D2
:105F30002A70C885508E576B0886906BC1F83270F6
:105F4000C1F836001068D76BC1F83E00108A546A59
:105F5000966AC1F83A705768A1F84E00508AC1F8A5
:105F60002240C1F826609668D468C1F84270A1F852
:105F7000500050699769D26903F1500CC1F846602E
:105F8000C1F84A40C1F85200C1F85670C1F85A2011
:105F9000A5B10023284600BF421E10401A4615D066
:105FA000431E184016D0431E184019D0431E1840F7
:105FB00002F10403F0D142F0030215E0002381F85E
:105FC0005E30E8070CF10A0118D11DE042F0010330
:105FD0000AE000BF42F0020342F0010204E000BF09
:105FE00042F0030342F00202D0B20C2828BF002383
:105FF00081F85E30E8070CF10A0105D008EB0100DA
:106000000CF10B0101220273A80759D468075ED472
:10601000280763D4E80668D4A8066DD4680672D44D
:10602000280678D4E8057ED4A80500F184806805A8
:1060300000F18980280503D518FA81F00C2101733D
:106040004BF6A8124BF6A823862008F10701FF247F
:10605000C0F60002C0F60003FF25A8F8050000BF47
:1060600011F8027FE6B27740D65DEDB26E404D7812
:10607000DF5D6E40945D02389D5D060484EA07048E
:10608000EED1E0B240EA0520A8F80700022004F0B3
:106090009DFC40F20040C4F2022008210122FBF7DF
:1060A000A1FC022004F092FC40F2FC70C2F200005D
:1060B00041468F22C823BDE8F041FFF7EFB900BF8A
:1060C00008EB01000131022202736807A0D508EB3A
:1060D000010001310322027328079BD508EB010060
:1060E000013104220273E80696D508EB0100013164
:1060F00005220273A80691D508EB010001310622A2
:10610000027368068CD508EB010001310722027387
:1061100028067FF587AF08EB0100013108220273E2
:10612000E8057FF581AF08EB010001310922027318
:10613000A8057FF57CAF18FA81F001310A220273BD
:1061400068057FF577AF18FA81F001310B220273F1
:1061500028053FF571AF73E7AAA500A1550000001F
:10616000F0B581B040F69C4C45F2AA51C2F2000C49
:10617000C2F23421CCF80010012140F23C228CF80C
:1061800004100421C2F20002007BACF809100221C5
:1061900012788CF80B1040F2D441904218BF0020C6
:1061A000C2F200018CF80C00D1E9002040F2091382
:1061B000ACF80E30CCF810202228CCF8140000F0F7
:1061C000A980112840F05E812C2001F1080E8CF886
:1061D00018009EE81D40CCF81D20CCF81900D1E92C
:1061E0000A0201F11C07096BE0CFCCF82130CCF892
:1061F0002540CCF829E0CCF83900CCF83D20080A3D
:106200000A0C0B0E4BF6A81E4BF6A8248CF8411076
:106210008CF842008CF843208CF844308CF8451000
:106220008CF846008CF847208CF848303C21ACF1C3
:106230000302FF20C0F6000EC0F60004FF23CCF8D6
:106240002D50CCF83160CCF83570ACF8051000BF9B
:1062500012F80C5FC0B268401EF80050DBB26B4011
:106260005578205C6B401EF803509678684070406B
:10627000E35C1EF80050D6786B407340205C1EF83B
:106280000350167968407040E35C1EF80050205CB3
:106290006B4055790C396B401EF80350E35C684045
:1062A00095790E0480EA05001EF80050205C83EA10
:1062B0000503D57983EA05031EF80350E35C80EA01
:1062C0000500157A80EA05001EF80050205C83EA7C
:1062D0000503557A83EA05031EF80350E35C80EA60
:1062E0000500957A80EA05001EF80050205C83EADC
:1062F0000503D57A83EA05031EF80350E35C80EAC0
:106300000500A5D1C0B240EA03204524ACF807003F
:10631000BFE000BFD1E91165D1E9134E5C2001F166
:106320003407CCF82960CCF82D50D1E919658CF8E8
:1063300018008DCFCCF82570CCF83140CCF835E082
:1063400001F15407D1E91B4ECCF81900CCF81D20FF
:10635000CCF821308DCFCCF84570CCF84960CCF822
:106360004D5001F17407D1E92165CCF83900CCF822
:106370003D20CCF841308DCFD1F88C10CCF8514075
:10638000CCF855E04BF6A81E4BF6A824CCF85900E3
:10639000CCF85D20CCF86130CCF871106C21ACF1F8
:1063A0000302FF20C0F6000EC0F60004FF23CCF865
:1063B0006570CCF86960CCF86D50ACF8051000BF82
:1063C00012F80C5FC0B268401EF80050DBB26B40A0
:1063D0005578205C6B401EF80350967868407040FA
:1063E000E35C1EF80050D6786B407340205C1EF8CA
:1063F0000350167968407040E35C1EF80050205C42
:106400006B4055790C396B401EF80350E35C6840D3
:1064100095790E0480EA05001EF80050205C83EA9E
:106420000503D57983EA05031EF80350E35C80EA8F
:106430000500157A80EA05001EF80050205C83EA0A
:106440000503557A83EA05031EF80350E35C80EAEE
:106450000500957A80EA05001EF80050205C83EA6A
:106460000503D57A83EA05031EF80350E35C80EA4E
:106470000500A5D1C0B240EA03207524ACF807009E
:1064800007E000BF01208CF8180006200F24ACF8AC
:106490000500022004F09AFA40F20040C4F2022003
:1064A00008210122FBF79EFA022004F08FFA40F245
:1064B000FC7040F69C41C2F20000C2F2000122468C
:1064C000642301B0BDE8F040FEF7E8BF2DE9F047D6
:1064D00010F80C5F40F2D44EC2F2000EDEF80470E9
:1064E00010F8011C461816F8040FC3B287F011000B
:1064F000727816F8039CD6F802C01843A2F1030480
:106500000CD1E1B2092909D80EEB8200011F4FF02E
:106510000008C1F800C004F0DBFE1DE06FF00C01C4
:1065200051FA82F1B0FA80F0B1FA81F140094909DB
:106530000840012804D1CEF830C04FF000080BE02D
:10654000222F08BF002B00F09B80002B4FF000088B
:1065500008BF022A00F09E8040F23C20C2F20000F8
:1065600045F2AA51C2F2342182464AF8141F012191
:1065700001760721A0F81D1002210278C1774FF49F
:106580000071954218BF0025A0F821104BF6A81104
:1065900085F04103C0F60001CA5C80F8205082F00B
:1065A000C0054BF6A822C0F60002D35C4C5D4FF448
:1065B000C067634083F002038784575DCD5CD35C82
:1065C0006F4087EA0907FFB2CD5DD75D6B40CD5CB8
:1065D00080F823906F4087F006073468D35CCD5D68
:1065E000C0F826406B40B6886340DBB2D75DCD5C17
:1065F000468590F827606F407740D35CCE5D90F879
:10660000285073406B40D75DCE5C90F8295077409E
:106610006F40D35CCE5DD75D734090F82A6090F8F0
:106620002B407340CE5CD35C77406740C95DD25D40
:10663000594041EA02210F25A0F81950A0F81B107B
:10664000022004F0C3F940F20040C4F20220082105
:106650000122FBF7C7F9022004F0B8F940F2FC7000
:10666000C2F20000514618226423FEF717FFB8F16A
:10667000000F08BFBDE8F087BDE8F047FBF768BE34
:10668000E0B216283FF661AF0EEB820000F1280160
:106690003DE700BF0EF10401BCF1220F4FF00108ED
:1066A00018BFBCF1110F3FF434AF46E7FEE700001E
:1066B00070B50446006815468369DA0602D40021E5
:1066C000002266E00E461021C161816989065CD412
:1066D000711C50D02EBBFBF78BF92068426894F8F0
:1066E000421083691B040BD512F4804208D1202983
:1066F00006D0416841F480414160FBF779F90546D5
:1067000020688169890605D4FBF772F9401B1A28B5
:10671000F6D328E081698906DDD536E081698906EE
:1067200033D4FBF765F9411B2068B142F6D94268C2
:1067300094F8421083691B040CD512F4804209D1ED
:10674000202907D0416841F480414160FBF750F9AE
:10675000054600BF206881698906DFD4FBF748F948
:10676000401B1A28F6D3206801228169242110E0F9
:106770008169890609D48169890606D481698906F7
:106780005CBF81695FEA8161F2D52021C16101228C
:1067900004218369DE0505D54FF4807241F00101C3
:1067A000C26101225E0507D49B050CD4002A04BFF8
:1067B000002070BD0CE000BF41F008014FF4806282
:1067C0009B05C26104D541F002014FF40072C26121
:1067D0008269920744BF002282628269D20703D194
:1067E000826942F00102826142684EF60003CFF6F0
:1067F00000631A404260606C08436064202084F8A3
:106800004100002084F8420084F84000012070BD5F
:106810002DE9F0410446006880690840401AB0FA4A
:1068200080F0400982423BD1DDF8188015460E46C3
:106830001F46581C20D0002F3ED100BF204600210B
:106840004246FFF735FF00281CBF0120BDE8F0815C
:10685000FBF7CEF8206881693140891BB1FA81F1DC
:1068600049098D4241D080693040801BB0FA80F0E8
:1068700040098542E2D013E020464FF0FF31424606
:10688000FFF716FF00281CBF0120BDE8F08120683B
:1068900080693040801BB0FA80F040098542EBD01F
:1068A0000020BDE8F08100BF80693040801BB0FA55
:1068B00080F040098542F3D1204639464246FFF731
:1068C000F7FE00281CBF0120BDE8F081FBF790F81F
:1068D000A0EB08012068B942E6D981693140891BE3
:1068E000B1FA81F149098D42DED1606C40F020009F
:1068F0006064202084F84100002084F8420084F87D
:1069000040000120BDE8F08170B504460068806950
:10691000800635D415460E4619B928E080698006F0
:106920002ED4204631462A46FFF7C2FE30BBFBF785
:106930005FF8411B2068B142F0D981698906EDD426
:10694000606C40F020006064202084F8410000204A
:1069500084F8420084F84000012070BDFBF748F83D
:10696000206881698906EBD58069800608D42046B5
:1069700000212A46FFF79CFE0028EFD0012070BDC1
:10698000002070BD70B5044600688069800727D478
:1069900015460E46481C15D03EBB00BF20460021C0
:1069A0002A46FFF785FE00281CBF012070BDFBF7BB
:1069B0001FF820688169890729D580698007EDD58E
:1069C0000EE000BF20464FF0FF312A46FFF770FE71
:1069D00000281CBF012070BD206880698007F1D5A8
:1069E000002070BD80698007FAD4204631462A46CF
:1069F000FFF75EFE00281CBF012070BDFAF7F8FF0C
:106A0000411B2068B142EDD981698907EAD4606CE5
:106A100040F020006064202084F84100002084F8C9
:106A2000420084F84000012070BD000080B582B0B3
:106A300040F68840C4F202400168002241F00101A2
:106A400001600068012100F00100019001981B2005
:106A5000FBF742FC1B2002B0BDE88040FBF72ABCDC
:106A6000B0B586B000200590CDE90300CDE9010066
:106A700040F68C40C4F20240016840F2004441F00C
:106A8000020101600068C4F2022400F002000090DC
:106A9000009820464FF4A06100224FF4A065FAF759
:106AA000A1FF012002900220CDE9030001A92046A8
:106AB0000195FAF7BBFE06B0B0BD00002DE9F0432A
:106AC00087B0002740F68C400697CDE90477CDE9E2
:106AD0000277C4F20240016840F2004441F0010133
:106AE00001600168C4F2022401F0010101910199E1
:106AF0000168012241F00201016000684FF4005179
:106B000000F002000190019820464FF00108FAF7CA
:106B100069FFA4F5806528464FF405410022FAF785
:106B200061FF28464FF400710122FAF75BFF20460F
:106B300038210022FAF756FF4FF4805002AECDE91B
:106B40000207204631460497FAF770FE42F2080029
:106B5000CDE902084FF00209204631460497CDF8EE
:106B60001490FAF763FE4FF40340CDE9020828467B
:106B70003146CDE90477FAF759FE4FF4806002A957
:106B800081E80103284631460597FAF74FFE1020A9
:106B9000CDE9020820463146CDE90477FAF746FEF2
:106BA0002020CDE9020820463146CDE90489FAF7D4
:106BB0003DFE07B0BDE8F08380B540F2D06045F2FD
:106BC000004241F22603C2F200000021C4F200029A
:106BD0004FF0010CC7F2C803C0E90023C0E9021C52
:106BE000C0E90411C0E906110162FAF751FF00285B
:106BF00018BFF9F7C1FE40F2D060C2F200000021D8
:106C0000FAF7FCFE002818BFF9F7B6FE40F2D06094
:106C1000C2F200000021FAF717FF002808BF80BD6C
:106C2000BDE88040F9F7A8BE80B50020FBF70EFA5A
:106C3000002818BFF9F7A0FEFBF73AFA002808BFB2
:106C400080BDBDE88040F9F797BE000080B540F2F6
:106C5000247043F200034FF0060CC2F200004FF420
:106C60008072C4F200030021C0E9003CC0E90222A6
:106C70000161FBF727FA002808BF80BDBDE880400E
:106C8000F9F77ABE10B588B040F2387047F60003C5
:106C90000024C2F20000C4F200437F214FF0804C78
:106CA000C0E9003400F10803CDE90644CDE904440D
:106CB000CDE90244FF2216C3C0E90544C0E907C478
:106CC0004462FDF759F9002818BFF9F755FE40F264
:106CD0003870C2F2000001A90194CDE90444069481
:106CE000FDF72CF9002818BFF9F746FE08B010BDD3
:106CF00080B540F2687043F600034FF41641C2F2CB
:106D00000000C4F20103C0E90031102100224FF05D
:106D10000C0C81624FF48051C0E90222C0E9042CBE
:106D2000C0E90622C0E90822C163FDF76BFF002815
:106D300018BFF9F721FE40F26870C2F2000000218E
:106D4000FDF7D2FA002818BFF9F716FE40F2687076
:106D5000C2F200000021FDF781FA002818BFF9F700
:106D60000BFE40F26870C2F20000FDF757FA0028EF
:106D700008BF80BDBDE88040F9F7FEBD80B540F298
:106D8000FC7044F200434FF4E131C2F20000C4F25F
:106D90000003C0E90031102100224FF00C0C816289
:106DA0004FF48051C0E90222C0E9042CC0E9062258
:106DB000C0E90822C163FDF725FF002818BFF9F7D5
:106DC000DBFD40F2FC70C2F200000021FDF78CFAFE
:106DD000002818BFF9F7D0FD40F2FC70C2F20000A5
:106DE0000021FDF73BFA002818BFF9F7C5FD40F276
:106DF000FC70C2F20000FDF711FA002808BF80BD48
:106E0000BDE88040F9F7B8BD80B540F6900044F683
:106E100000034FF46121C2F20000C4F20003C0E994
:106E20000031102100224FF00C0C81624FF4805190
:106E3000C0E90222C0E9042CC0E90622C0E9082208
:106E4000C163FDF7DFFE002818BFF9F795FD40F696
:106E50009000C2F200000021FDF746FA002818BF9A
:106E6000F9F78AFD40F69000C2F200000021FDF71C
:106E7000F5F9002818BFF9F77FFD40F69000C2F23F
:106E80000000FDF7CBF9002808BF80BDBDE88040B9
:106E9000F9F772BDFEE700002DE9F04F95B040F222
:106EA0005C39C2F200099046B9F8022040F29045E0
:106EB000002A0646C2F2000500F07E8128888A4634
:106EC00045F6E801401A002281B20C920CAA304625
:106ED00000F080FA0C9940F21C22C2F20002136802
:106EE00011F480311CBF4FF4FA630220591E002BAD
:106EF00004BF4FF4FA616FF001000228116040F006
:106F00007581288845F6E011401A81B204AF3046F9
:106F10003A46082300F00CFA288845F62011401A5A
:106F200081B20CAD30462A460823019600F000FAE3
:106F300008F118043E4609F1100209F16C070AF144
:106F400018084FF6147B00200DE000BF0298083CA3
:106F50000130A8F1080808350836043A0428A7F1DA
:106F6000100700F047814FF0000A0290039209E0F9
:106F7000002089F8000000BF0AF1010A039ABAF163
:106F8000040FE3D036F81A1035F81A00594528F8DE
:106F90001A0024F81A1017D1C34612F80A80FAF71B
:106FA00027FDB8F1000F00F0F78057F82A10D846F7
:106FB000401A40F6B83188424FF6147B09D30120BD
:106FC00089F8000009E000BF002002F80A0047F835
:106FD0002A0099F800000128CED199F80400012870
:106FE00008D1FAF705FDD9F83C10401A47F22F51A5
:106FF0008842C1D899F80500012808D1FAF7F8FCB1
:10700000D9F84010401A47F22F518842B4D899F865
:107010000600012808D1FAF7EBFCD9F84410401A11
:1070200047F22F518842A7D899F80700012808D1C4
:10703000FAF7DEFCD9F84810401A47F22F5188427F
:107040009AD899F80800012809D1FAF7D1FCD9F8A3
:107050004C10401A47F22F5188423FF68DAF99F8F5
:107060000900012809D1FAF7C3FCD9F85010401AD9
:1070700047F22F5188423FF67FAF99F80A00012866
:1070800009D1FAF7B5FCD9F85410401A47F22F513C
:1070900088423FF671AF99F80B00012809D1FAF741
:1070A000A7FCD9F85810401A47F22F5188423FF6F2
:1070B00063AF99F80C00012809D1FAF799FCD9F8C7
:1070C0005C10401A47F22F5188423FF655AF99F8AD
:1070D0000D00012809D1FAF78BFCD9F86010401A8D
:1070E00047F22F5188423FF647AF99F80E0001282A
:1070F00009D1FAF77DFCD9F86410401A47F22F51F4
:1071000088423FF639AF99F80F00012809D1FAF704
:107110006FFCD9F86810401A47F22F5188423FF6A9
:107120002BAF99F81000012809D1FAF761FCD9F8C2
:107130006C10401A47F22F5188423FF61DAF99F864
:107140001100012809D1FAF753FCD9F87010401A40
:1071500047F22F5188423FF60FAF99F812000128ED
:1071600009D1FAF745FCD9F87410401A47F22F51AB
:1071700088423FF601AF99F8130001287FF4F8AE7A
:10718000FAF736FCD9F87810401A47F22F518842A6
:107190007FF6EEAEF0E600BF039947F82A00012023
:1071A00001F80A00D8464FF6147B99F80000012830
:1071B0007FF4E2AE11E700BF298845F6E808A1EBAD
:1071C0000801002089B20C900CAA304600F002F9A8
:1071D00004460C98298840F00102A1EB080081B216
:1071E00030460C9200F044FA204325D015B0BDE89B
:1071F000F08F00BF40F29045C2F20005288845F6A6
:10720000E808A0EB0800019E81B2002414AA3046D1
:10721000149400F0DFF81498298820F48032A1EB50
:10722000080081B23046149200F022FA0120A9F839
:10723000024015B0BDE8F08F01240020A9F80240FB
:1072400015B0BDE8F08F00002DE9F04782B040F2A4
:10725000543540F2120A04464FF0FF306FF00E072B
:10726000C2F200050DF103080DF10409C0F22F0A66
:10727000019000BF2E68207A4FF46E5142460123E0
:10728000B0472E68207A4FF46E514A460423B04727
:107290000198504503D0002F07F10107EAD1B0EB68
:1072A0000A0018BF6FF0050002B0BDE8F0870000CB
:1072B00010B582B040F240644AF6A1304AF671310E
:1072C0004AF635224AF6CD134AF6693CC2F200046A
:1072D000C0F60000C0F60001C0F60002C0F60003D0
:1072E000C0F6000C20606160A260C4E9033CCDF8E8
:1072F00000C000F0C9F840F2EC14C2F2000444F2FD
:107300000001C5F60021204600F0CCF8204602B06E
:10731000BDE81040AFF3008040F29041C2F200019E
:107320000988021DA1F5B24189B200F053B80000EE
:107330002DE9F04381B040F254380D46C2F2000806
:1073400099000646D8F80040007ACFB229463B465D
:107350009146A047D0B33046FFF776FF20B16FF0DB
:10736000020001B0BDE8F083D8F80040307A294629
:107370004A463B46A04748B33046FFF765FF002822
:10738000EDD1D8F80040307A29464A463B46A0471E
:10739000E0B13046FFF758FF0028E0D1D8F80040B0
:1073A000307A29464A463B46A04778B13046FFF737
:1073B0004BFF0028D3D1307AD8F800C029464A467E
:1073C0003B4601B0BDE8F043604700BF002001B07C
:1073D000BDE8F0832DE9F04182B040F25437C2F2AB
:1073E000000706463C68007A904601AA04230D4631
:1073F000A047C8B33046FFF727FF28B16FF002005F
:1074000002B0BDE8F08100BF3C68307A01AA29468D
:107410000423A04740B33046FFF716FF0028EDD104
:107420003C68307A01AA29460423A047E0B13046DF
:10743000FFF70AFF0028E1D13C68307A01AA29460B
:107440000423A04780B13046FFF7FEFE0028D5D1C7
:107450003F68307A01AA29460423B8470199C8F841
:10746000001002B0BDE8F08100200199C8F80010BA
:1074700002B0BDE8F081000040F25432C2F20002D6
:10748000C2E900107047000070B5049E1C46154606
:10749000FFF7F2FF40F2D830C2F20000C0E900541A
:1074A000866070BD2DE9F04F83B002680446002A63
:1074B00088461CBF0120904740F2D835C2F2000533
:1074C00040F290470020C2F200076968388041F21C
:1074D00088308847216800291CBF002088476968D8
:1074E0004FF4FA608847216800291CBF01208847B3
:1074F00000206968388041F28830884702AA204617
:107500004FF46E51FFF766FF02981221C0F22F016F
:1075100088424BD0204645F2AA51382200F096F816
:107520000646204643F6FC316FF00D0200F0A0F84D
:10753000696806431E208847204640F688010122DC
:1075400000F096F80643204643F61C21302200F056
:107550008FF8398845F60422891A89B206432046F5
:10756000424600F085F8398845F6FC02891A89B24E
:1075700046EA00052046002200F07AF8398845F6F0
:107580007C02891A89B205432046002200F070F877
:107590000543204640F60801012200F069F828431F
:1075A0001EBF6FF0020003B0BDE8F08F4FF6300849
:1075B00040F2904904F10C05002745F6FC0A45F617
:1075C0007C0BCFF6FF7801AEC2F20009B9F80000DB
:1075D0002A46A0EB0A0081B22046FFF7FBFEB9F86D
:1075E00000100743A1EB0B0189B220463246FFF79A
:1075F000F1FE01990743A5290ED02868A52813D0CC
:1076000040F2D830C2F2000041680120884718F1EA
:107610000108DBD309E000BFA52040F290412860BB
:107620008020C2F20001088027B16FF0050003B08E
:10763000BDE8F08F40F2D830C2F20000016832207D
:107640008847002003B0BDE8F08F000080B582B00D
:1076500040F25433C2F20003D3F804C0007A8DF82C
:1076600007200DF107020123E04702B080BD0000B2
:10767000F0B581B040F25437C2F2000705467E688B
:10768000007A00926A4604230C46B047A0B328460D
:10769000FFF7DAFD20B16FF0020001B0F0BD00BFCE
:1076A0007E68287A6A4621460423B04720B32846DC
:1076B000FFF7CAFD0028EED17E68287A6A46214687
:1076C0000423B047C0B12846FFF7BEFD0028E2D131
:1076D0007E68287A6A4621460423B04760B128466E
:1076E000FFF7B2FD0028D6D17F68287A6A46214686
:1076F0000423B84701B0F0BD002001B0F0BD000088
:10770000FEE7000070B540F2E435C2F2000505F175
:10771000540003F005FA40F2D446C2F20006D6E95E
:107720000302B5F85410801A884209D9B2698A4216
:1077300006D240F23021C2F20001096801290DD0C1
:10774000B5F8581088420BD9B069884208D240F287
:107750003020C2F200000068012801D1012000E0C1
:10776000002040F6E414A5F85C00C2F2000440F2E8
:10777000EC1004F12002C2F200002146FFF78CFB5E
:10778000002800F0AD80012840F08480287F238EFF
:1077900000F0FE002877D6E90702B16A9BB2801A92
:1077A0000022994298BF0122668E98424FF0000352
:1077B000B6B228BF012302EA030CB1424FF0000326
:1077C00098BF0123B0424FF0000628BF0126A28EC9
:1077D000334092B20026914298BF012690424FF06A
:1077E00000029C4428BF0122E38E32409BB2002657
:1077F000994298BF012698424FF00003944428BF55
:107800000123228F334092B20026914298BF012675
:1078100090424FF000029C4428BF0122638F324007
:107820009BB20CEB020699424FF0000298BF012276
:1078300098424FF0000328BF01234FF0000C134083
:10784000A28F334492B20026914298BF0126904203
:107850004FF0000228BF0122E48F3240A6B21A4442
:10786000B1424FF0000198BF0121B0424FF000003B
:1078700028BF012085F80DC00840104300042DD01A
:1078800040F23420C2F200000068012826D1012015
:10789000E87225E0687B411C0428697320D3287FA7
:1078A000002440F0010028770020C4F2022468730D
:1078B00020464FF480710022FAF794F86420F9F71B
:1078C000D3FD20464FF480710122FAF78BF84FF474
:1078D000FA70F9F7C9FDFFF7EBFC01E085F80BC082
:1078E000B5F85C10E87A012918BF012806D12B7B76
:1078F0000122AA7243B1012903D10DE00021A9722E
:1079000029730021297012E06B6B013328BF1346E5
:107910006B632A730129F4D140F23421C2F20001D1
:107920000A680121002A297018BF0021A9700138B6
:10793000B0FA80F040096870E87070BD70470000D0
:107940000178A5293BD14178032918BF7047817878
:10795000202934D180B5B0F80D3040F29C21B0F828
:107960001120C2F200018B81CA81B0F807204FF6C6
:10797000FF7C0A82B0F80B0040F2004E6345C2F271
:10798000000E488208BF624506D09EF80020002005
:1079900022F008020EE000BF88689EF80030013037
:1079A00040F2DC5C0022604588BF012223F008031E
:1079B00043EAC20288608EF80020BDE8804070472C
:1079C000F0B581B0FAF714F840F2D44140F24446E1
:1079D000C2F20001C2F20006097A3278F06101F1C8
:1079E00020000123012A707196F82010F37004BF63
:1079F000C2B291423CD040F2080CC2F2000CBCF87A
:107A000002000228A0F101015AD340F2EA04FF2249
:107A10000023C2F2000400BFF01890F8207003F0B9
:107A2000FC057A40A25C6F1CB94218D990F821700D
:107A30007A40A25CAF1CB94211D990F822707A400A
:107A400043F00307A25CFFB2B94208D990F82300C3
:107A500004335040225C03F0FC008142DCD882F009
:107A6000FF00314491F8201088422FD096E000BFEB
:107A700096F8222096F8233096F821105A4042407A
:107A800096F824504A40D2B2AA4240F0878001F0D2
:107A90000101317140F20001C2F200010A6896F85A
:107AA0002710013A042A86F826003CD8DFE802F0C5
:107AB0003404043B380000BF01F0FC01023132E025
:107AC0000020314491F82010884267D19CF80010C2
:107AD00096F82100012909D100F001028007F26324
:107AE00054BF00200120B06310E000BF00F0040389
:107AF000012282EA9303B36400F0100382EA1313B5
:107B0000800633645ABF00207064726481F0010003
:107B10008CF8000042E000BF01F0FC0103E000BF70
:107B200001F0FC01013140F2E532C2F2000240F204
:107B3000E433C2F2000312781B78D2B21A4318BFA2
:107B4000012201F0630141EAC21196F8282096F85B
:107B5000293096F82A5096F82B405A406A406240E5
:107B60005040484086F82C001D2086F8271006F16A
:107B7000260702F02BFF40F20040C4F20220202131
:107B80000122F9F72FFF012002F020FF40F2687078
:107B9000C2F2000039460722FDF754FD0020C6F866
:107BA0000A003062B08401B0F0BD0000F0B581B0D1
:107BB00040F20804C2F2000404F11C064ECE04F1A7
:107BC000080C8CE84E00407AA1692F28616040F0D3
:107BD0008B8003F0F3FD40F24447C2F20007B87116
:107BE00003F02EFEF87103F009FE03F011FEB879E0
:107BF000002804BF0120A071F879002804BF0120EB
:107C0000E07140F25460C2F20000007810B1207AB6
:107C100002E000BF0120207214F8041F6278A378EC
:107C2000E57851405940667969404840A1797040F3
:107C30004840E179227A4840617A5040A27A48402F
:107C4000E17A5040227B4840617B5040A27B484013
:107C5000E17B5040227C4840617C5040A27C4840FF
:107C600040F200455040C4F20225E0742846082145
:107C70000122F9F7B7FE40F2FC70C2F20000214683
:107C800014220523FDF70AFC28464FF40051002278
:107C9000F9F7A8FE40F2D444C2F20004B879D4F84F
:107CA0009010397200B3F879F0B140F2FC10C2F2D2
:107CB000000000210170A5F580604FF400710122E1
:107CC0000125F9F78FFE03F0F3FA387A10B1012895
:107CD00004D10225C4F8905003F0FAFA01B0BDE8CF
:107CE000F040FAF735BB00BF01B0F0BD018845F2A6
:107CF000AA52914240F096800179012940F0928089
:107D00002DE9F043B0F8051000F1090C81B14BF6F4
:107D1000A8134BF6A82901F0030E0429C0F60003AE
:107D2000C0F6000908D2FF256446FF212DE000BF00
:107D3000FF21FF254AE000BF21F003080027FF25AF
:107D40006446FF2114F8046BEDB275405E5D14F8D3
:107D5000032CC9B27140514019F805505A5C14F80F
:107D6000026C6A40724019F801109D5C14F8016CB5
:107D700069407140043719F802205D5CBEB219F801
:107D80000110464585EA0205DCD1BEF1000F1DD089
:107D90002278EDB26A409D5CBEF1010F85EA0105D3
:107DA00019F8021012D06278EDB26A409D5CBEF103
:107DB000020F85EA010519F8021007D0A278EFB288
:107DC0007A409B5C83EA010519F80210EAB242EAA4
:107DD000012340F2D442C2F20002B0F8077040F230
:107DE0003C215268C2F20001CF80112A0B81BDE80C
:107DF000F04307D0332A03D0222A05D1022202E021
:107E0000032200E001220A70BCF8001001390629A3
:107E100088BF7047DFE801F0040C080A06060E0070
:107E2000FDF7E2BE704700BFFDF7CEBCFEF798B984
:107E3000FDF776BFFEF74ABB70B540F62C46C4F29C
:107E4000024656F82C1C044621F0806046F82C0CA3
:107E5000F9F7CEFD054600BF56F82C0C000105D5FC
:107E6000F9F7C6FD401B0228F6D958E0306843F602
:107E70000371884394E80E00084340EA0220E16859
:107E800030604FF47E4202EB41212269581E4FF4CC
:107E9000FE0389B203EB02426FF35F20084402F451
:107EA000FE0162694FF0FE4303EB0262084402F0F8
:107EB000FE41084430613068A16920F00C0008439D
:107EC00030603068E16920F0200008433060606A6B
:107ED00031680843306030684FF6F87120F01000C8
:107EE00030607069226A884340EAC200706130687D
:107EF00040F01000306056F82C0C40F0806046F8DE
:107F00002C0CF9F775FD044656F82C0C000144BF03
:107F1000002070BDF9F76CFD001B0328F4D303208B
:107F200070BD000080B540F24440C2F20000411C28
:107F300040F26870C2F200000122FDF719F9022038
:107F400002F044FD40F20040C4F202202021002251
:107F5000F9F748FD0220BDE8804002F037BD00007F
:107F600070B547F60C06C4F200463168044621F0AD
:107F700080013160F168890618D4306820F0200053
:107F80003060F9F735FD05463068800630D4F9F7E2
:107F90002FFD401BB0F57A7FF6D93068800627D4D4
:107FA000032084F82D0084F82D0070BDF06820F0C7
:107FB0002000F060306820F020003060F9F718FDF4
:107FC000054600BF3068800614D4F9F711FD401B48
:107FD000B0F57A7FF6D9306880060BD4032084F898
:107FE0002D0084F82D00F16841F02001F16070BD92
:107FF000002070BD0020F16841F02001F16070BDEB
:108000007047000080B5FAF7B5F8BDE88040FCF78E
:1080100003B9000010B59CB040F6140408A8502124
:10802000C4F20244F8F780F90020CDE90600CDE95A
:108030000400CDE9020054F8040C40F0300044F88C
:10804000040C54F8040C00F03000019001982068F2
:10805000000709D4206800075CBF20685FEA007051
:1080600002D420680007F2D5182008904FF08060F5
:108070000E904FF480700F9020200121109002206C
:1080800014917D21CDE91200CDE91510CDE917003D
:1080900008201990002408A8CDE91A44FBF72CFC0D
:1080A00010B172B6FEE700BF1F2002900320CDE999
:1080B000030402A80521CDE905440794FBF7D2F992
:1080C00010B172B6FEE700BF42F20000C4F2020037
:1080D0000168022262F3051101601CB010BD0000AE
:1080E0004EF6885CCEF2000CDCF80000012240F471
:1080F0007000CCF8000040F60040C4F2024002607C
:108100000022C261026203684EF6E321CFF6E2214B
:108110001940016040F28021C0F201118262C26206
:1081200041638263C1630264016821F480210160BC
:1081300002654FF0006142F21C00C4F202004CF8EC
:10814000801C50F8041C4A0F062A05D801F0604133
:10815000B1F1404F18BF70470168C9070BD042F614
:108160003B21C0F6190140F8101C46F67F61C4F6A9
:108170005D4140F8101C016841F002010160016896
:1081800041F001010160704710B540F2687043F69C
:1081900000034EF64804C2F20000C4F20103C0F22C
:1081A00001044FF48051C0E9003400F108030022BB
:1081B0004FF4806C4FF00C0E83E806501023C0E99A
:1081C0000622C0E908228362C163FCF71BFD002878
:1081D00018BFF8F7D1FB40F26870C2F2000000212E
:1081E000FCF782F8002818BFF8F7C6FB40F2687069
:1081F000C2F200000021FCF731F8002818BFF8F7A0
:10820000BBFB40F26870C2F20000FCF707F80028E0
:1082100008BF10BDBDE81040F8F7AEBB10B540F286
:10822000FC7044F200434EF64804C2F20000C4F26F
:108230000003C0F201044FF48051C0E9003400F1A2
:10824000080300224FF4806C4FF00C0E83E80650B8
:108250001023C0E90622C0E908228362C163FCF74B
:10826000D1FC002818BFF8F787FB40F2FC70C2F27F
:1082700000000021FCF738F8002818BFF8F77CFB55
:1082800040F2FC70C2F200000021FBF7E7FF00287B
:1082900018BFF8F771FB40F2FC70C2F20000FBF768
:1082A000BDFF002808BF10BDBDE81040F8F764BB53
:1082B000816A0A070CD4CA0715D18A071ED44A0757
:1082C00027D4CA0630D48A0639D44A0642D457E0A5
:1082D0000268D0F838C0536823F4004343EA0C0323
:1082E0005360CA07E9D00268D0F82CC0536823F461
:1082F000003343EA0C0353608A07E0D50268D0F8E4
:1083000030C0536823F4803343EA0C0353604A07B8
:10831000D7D50268D0F834C0536823F4802343EAE9
:108320000C035360CA06CED50268D0F83CC09368EF
:1083300023F4805343EA0C0393608A06C5D5026890
:10834000D0F840C0936823F4005343EA0C039360D1
:108350004A0615D5D0F800C0436CDCF80420B3F50C
:10836000801F22F4801242EA0302CCF8042007D1D5
:10837000DCF80420836C22F4C0021A43CCF80420F9
:10838000090658BF70470168C06C4A6822F4002291
:108390001043486070470000B0B582B0044600202A
:1083A000C4F89000F9F724FB216805460A68120713
:1083B00037D56FF07E4C20464FF4001100222B463B
:1083C000CDF800C001F06EFB50B300BF206850E84C
:1083D000000F216820F0800041E80002DAB1206837
:1083E00050E8000F216820F0800041E8000292B1BF
:1083F000206850E8000F216820F0800041E800026A
:108400004AB1206850E8000F216820F0800041E860
:108410000002002ADAD10320202188226BE000BF6D
:108420002168086840075DD56FF07E4C20464FF408
:10843000800100222B46CDF800C001F033FB00285C
:1084400050D000BF206850E8000F216820F49070E1
:1084500041E80002BAB3206850E8000F216820F418
:10846000907041E8000272B3206850E8000F216864
:1084700020F4907041E800022AB3206850E8000F11
:10848000216820F4907041E80002002ADAD11AE055
:10849000206850E8020F216820F0010041E8020244
:1084A000DAB1206850E8020F216820F0010041E8AD
:1084B000020292B1206850E8020F216820F001000A
:1084C00041E802024AB1206850E8020F216820F01A
:1084D000010041E80202002ADAD1032020218C2287
:1084E00009E000BF2020C4F88800C4F88C000021F7
:1084F00070220020E166A150002184F8841002B0AF
:10850000B0BD0000C06D0021A0F85E10FCF79CB863
:10851000C06D0268D0F88830D0F88CC09168090628
:1085200053D5212B51D10021A0F85610016851E8F4
:10853000001F026821F0C00142E80013BBB30168CC
:1085400051E8001F026821F0C00142E8001373B334
:10855000016851E8001F026821F0C00142E80013E1
:108560002BB3016851E8001F026821F0C00142E806
:108570000013002BDAD11AE0016851E8021F0268EB
:1085800021F4000142E80213DBB1016851E8021F47
:10859000026821F4000142E8021393B1016851E836
:1085A000021F026821F4000142E802134BB1016886
:1085B00051E8021F026821F4000142E80213002B77
:1085C000DAD12021C0F8881002689168490640F18C
:1085D0008480BCF1220F40F080800021A0F85E1062
:1085E000016851E8001F026821F4907142E800130D
:1085F000DBB1016851E8001F026821F4907142E884
:10860000001393B1016851E8001F026821F49071D2
:1086100042E800134BB1016851E8001F026821F4E1
:10862000907142E80013002BDAD14FF6FE7CCEF6B3
:10863000FF7C00BF026852E8022F036802EA0C02C6
:1086400043E80221D9B1016851E8021F026801EA3A
:108650000C0142E8021393B1016851E8021F02685D
:1086600001EA0C0142E802134BB1016851E8021F14
:10867000026801EA0C0142E80213002BDAD1C16E54
:10868000012924D1016851E8001F026821F010017E
:1086900042E80013DBB1016851E8001F026821F0D5
:1086A000100142E8001393B1016851E8001F02680D
:1086B00021F0100142E800134BB1016851E8001F9E
:1086C000026821F0100142E80013002BDAD12021CA
:1086D000C0F88C100021C1664167D0F8901041F0BD
:1086E0001001C0F89010FBF7AFBF0000016DC06D26
:1086F00081297AD00021A0F85E1000BF016851E8FE
:10870000001F026821F4807142E80013BBB30168C6
:1087100051E8001F026821F4807142E8001373B32E
:10872000016851E8001F026821F4807142E80013DB
:108730002BB3016851E8001F026821F4807142E800
:108740000013002BDAD11AE0016851E8021F026819
:1087500021F0010142E80213DBB1016851E8021F78
:10876000026821F0010142E8021393B1016851E867
:10877000021F026821F0010142E802134BB10168B7
:1087800051E8021F026821F0010142E80213002BA8
:10879000DAD12021C0F88C10C16E012925D100BF8B
:1087A000016851E8001F026821F0100142E800133F
:1087B000DBB1016851E8001F026821F0100142E8B6
:1087C000001393B1016851E8001F026821F0100105
:1087D00042E800134BB1016851E8001F026821F024
:1087E000100142E80013002BDAD100210167C16EAD
:1087F000012918BFFCF71CBDB0F85C10FBF72ABDBF
:10880000C06D01210167C16E012918BFFCF744BE8C
:10881000B0F85C104908FBF71DBD0000B0F86020FF
:108820000168D0F88C30222B40F0CC80496A836DEF
:10883000114023F8021B8365B0F85E100139A0F8DF
:108840005E10B0F85E10002918BF7047016851E84B
:10885000001F026821F4907142E80013E3B101683F
:1088600051E8001F026821F4907142E800139BB1A7
:10887000016851E8001F026821F4907142E800137A
:1088800053B1016851E8001F026821F4907142E879
:108890000013002BDAD100BF016851E8021F026803
:1088A00021F0010142E80213DBB1016851E8021F27
:1088B000026821F0010142E8021393B1016851E816
:1088C000021F026821F0010142E802134BB1016866
:1088D00051E8021F026821F0010142E80213002B57
:1088E000DAD12021C0F88C100021416701670168AE
:1088F00042F20042C4F20042914202D049680902A9
:1089000036D4C16E012918BFFCF792BC0021C166A4
:10891000016851E8001F026821F0100142E80013CD
:10892000DBB1016851E8001F026821F0100142E844
:10893000001393B1016851E8001F026821F0100193
:1089400042E800134BB1016851E8001F026821F0B2
:10895000100142E80013002BDAD10168CA69D2067F
:1089600044BF10220A62B0F85C10FBF773BC00BF72
:10897000016851E8001F026821F0806142E800139D
:10898000002BBED0016851E8001F026821F0806111
:1089900042E80013002BB4D0016851E8001F0268C0
:1089A00021F0806142E80013002BAAD0016851E851
:1089B000001F026821F0806142E80013002BD7D12C
:1089C0009FE700BF886940F0080088617047000099
:1089D0002DE9F04F81B004460068B4F86050C669D4
:1089E00001688268D4F88C30222B40F04381B4F8BF
:1089F0006800002800F0E48001F4807802F00107AC
:108A00004FF000094FF0020B4FF0010A04E000BFE5
:108A1000B4F85E0000285CD0B00640F1D180206838
:108A2000A16D426A2A4021F8022BA165B4F85E10BC
:108A30000139A4F85E10C6697107E9D0F20718BFC2
:108A4000B8F1000F02D1B2070AD412E0C0F820A09A
:108A5000D4F8902042F00102C4F89020B20708D563
:108A60003FB1C0F820B0D4F8902042F00402C4F81E
:108A70009020002908D53FB104210162D4F890006C
:108A800040F00200C4F89000D4F890000028BFD055
:108A90002046FBF7D9FDC4F89090B9E7206850E86C
:108AA000000F216820F4807041E80002DAB12068EC
:108AB00050E8000F216820F4807041E8000292B174
:108AC000206850E8000F216820F4807041E800021F
:108AD0004AB1206850E8000F216820F4807041E816
:108AE0000002002ADAD14FF6FE70CEF6FF7000BF0A
:108AF000216851E8021F2268014042E80213C3B115
:108B0000216851E8021F2268014042E8021383B144
:108B1000216851E8021F2268014042E8021343B174
:108B2000216851E8021F2268014042E80213002B2D
:108B3000DED12020C4F88C00002060672067206808
:108B400042F20041C4F20041884203D04068000272
:108B500000F19880E06E012840F0C0800020E066BF
:108B6000206850E8000F216820F0100041E8000262
:108B7000DAB1206850E8000F216820F0100041E8C9
:108B8000000292B1206850E8000F216820F0100028
:108B900041E800024AB1206850E8000F216820F047
:108BA000100041E80002002ADAD12068C169C90634
:108BB00044BF10210162B4F85C102046FBF74AFB69
:108BC000B4F85E00002852D0B4F8681088424ED243
:108BD000206850E8020F216820F0805041E802022E
:108BE000DAB1206850E8020F216820F0805041E897
:108BF000020292B1206850E8020F216820F08050F4
:108C000041E802024AB1206850E8020F216820F0D2
:108C1000805041E80202002ADAD148F61D00C0F671
:108C200000006067206850E8000F216840F02000D5
:108C300041E80002DAB1206850E8000F216840F0F6
:108C4000200041E8000292B1206850E8000F21683E
:108C500040F0200041E800024AB1206850E8000FCF
:108C6000216840F0200041E80002002ADAD101B07A
:108C7000BDE8F08F816941F00801816101B0BDE874
:108C8000F08F00BF206850E8000F216820F080605E
:108C900041E80002002A3FF45DAF206850E8000F71
:108CA000216820F0806041E80002002A3FF452AFC2
:108CB000206850E8000F216820F0806041E8000241
:108CC000002A3FF447AF206850E8000F216820F0E9
:108CD000806041E80002002AD4D13BE72046FCF73F
:108CE000A7FAB4F85E0000287FF46EAFBFE700007B
:108CF000B0F860100268D0F88C30222B40F0CE80A3
:108D0000526A836D11401970816D01318165B0F82F
:108D10005E100139A0F85E10B0F85E10002918BF8F
:108D2000704700BF016851E8001F026821F490718C
:108D300042E80013E3B1016851E8001F026821F422
:108D4000907142E800139BB1016851E8001F02686E
:108D500021F4907142E8001353B1016851E8001FFB
:108D6000026821F4907142E80013002BDAD100BFB1
:108D7000016851E8021F026821F0010142E8021374
:108D8000DBB1016851E8021F026821F0010142E8ED
:108D9000021393B1016851E8021F026821F001013A
:108DA00042E802134BB1016851E8021F026821F04A
:108DB000010142E80213002BDAD12021C0F88C1007
:108DC000002141670167016842F20042C4F200429B
:108DD000914202D04968090236D4C16E012918BFF8
:108DE000FCF726BA0021C166016851E8001F02683D
:108DF00021F0100142E80013DBB1016851E8001FC7
:108E0000026821F0100142E8001393B1016851E8B3
:108E1000001F026821F0100142E800134BB1016805
:108E200051E8001F026821F0100142E80013002BF6
:108E3000DAD10168CA69D20644BF10220A62B0F8CA
:108E40005C10FBF707BA00BF016851E8001F026819
:108E500021F0806142E80013002BBED0016851E888
:108E6000001F026821F0806142E80013002BB4D09B
:108E7000016851E8001F026821F0806142E8001398
:108E8000002BAAD0016851E8001F026821F0806120
:108E900042E80013002BD7D19FE700BF906940F054
:108EA00008009061704700002DE9F04F81B0044642
:108EB0000068B4F86050C66901688268D4F88C30E4
:108EC000222B40F04581B4F86800002800F0E680CD
:108ED00001F4807B02F001074FF000084FF0020A16
:108EE0004FF0010904E000BFB4F85E0000285ED036
:108EF000B00640F1D3802068A16D406A2840087018
:108F0000A16D20680131A165B4F85E100139A4F8A3
:108F10005E10C6697107E7D0F20718BFBBF1000FFA
:108F200002D1B2070AD412E0C0F82090D4F8902001
:108F300042F00102C4F89020B20708D53FB1C0F852
:108F400020A0D4F8902042F00402C4F89020002918
:108F500008D53FB104210162D4F8900040F002002E
:108F6000C4F89000D4F890000028BDD02046FBF74C
:108F70006BFBC4F89080B7E7206850E8000F2168C9
:108F800020F4807041E80002DAB1206850E8000F58
:108F9000216820F4807041E8000292B1206850E816
:108FA000000F216820F4807041E800024AB1206877
:108FB00050E8000F216820F4807041E80002002A88
:108FC000DAD14FF6FE70CEF6FF7000BF216851E88F
:108FD000021F2268014042E80213C3B1216851E830
:108FE000021F2268014042E8021383B1216851E860
:108FF000021F2268014042E8021343B1216851E890
:10900000021F2268014042E80213002BDED120201B
:10901000C4F88C00002060672067206842F200419D
:10902000C4F20041884203D04068000200F19880F9
:10903000E06E012840F0C0800020E066206850E823
:10904000000F216820F0100041E80002DAB120682A
:1090500050E8000F216820F0100041E8000292B1B2
:10906000206850E8000F216820F0100041E800025D
:109070004AB1206850E8000F216820F0100041E854
:109080000002002ADAD12068C169C90644BF102154
:109090000162B4F85C102046FBF7DCF8B4F85E001F
:1090A000002852D0B4F8681088424ED2206850E8A8
:1090B000020F216820F0805041E80202DAB12068F6
:1090C00050E8020F216820F0805041E8020292B17E
:1090D000206850E8020F216820F0805041E8020229
:1090E0004AB1206850E8020F216820F0805041E822
:1090F0000202002ADAD148F6F140C0F600006067AB
:10910000206850E8000F216840F0200041E800028C
:10911000DAB1206850E8000F216840F0200041E8F3
:10912000000292B1206850E8000F216840F0200052
:1091300041E800024AB1206850E8000F216840F081
:10914000200041E80002002ADAD101B0BDE8F08F2A
:10915000816941F00801816101B0BDE8F08F00BF75
:10916000206850E8000F216820F0806041E800028C
:10917000002A3FF45DAF206850E8000F216820F01E
:10918000806041E80002002A3FF452AF206850E8B6
:10919000000F216820F0806041E80002002A3FF4BF
:1091A00047AF206850E8000F216820F0806041E858
:1091B0000002002AD4D13BE72046FCF739F8B4F886
:1091C0005E0000287FF46EAFBFE7000070B5044674
:1091D000D4E9033201688068E669104362690D686A
:1091E000104346F6F312CCF6FF722A401043304388
:1091F0000860486842F2004220F44050184348603A
:10920000A069C4F2004291421CBF236A18438B68D4
:109210004FF2FF45C1F2FF152B4018438860C86A22
:10922000636A20F00F00184343F2FF73C4F2010396
:109230009942C86210DC44F20040C4F2000081424E
:1092400000F08A8044F60000C4F2000081423BD165
:10925000042091423BD10CE043F60000C4F201002F
:10926000814200F07D8091422ED14FF48050914296
:109270002DD10021F9F712FA002862D0616A4BF66D
:109280009012C0F6000232F811106268B0FBF1F1E2
:1092900002EB420081424FF0010056D31303994282
:1092A00053D808020B0E10EB520043F100010023CB
:1092B000F6F7F0FF4FF60052A0F54071C0F20F0232
:1092C000914241D23BE000BF00209142D1D0002129
:1092D000F9F7E4F9B6F5004F1CD190B3616A4BF68B
:1092E0009012C0F6000232F811106268B0FBF1F083
:1092F000510801EB4000B0FBF2F04FF6EF72A0F125
:109300001001914220D84FF6F071C0F3420208409C
:10931000104414E0A8B1616A4BF69012C0F6000246
:1093200032F811106268B0FBF1F000EB5200B0FBB4
:10933000F2F04FF6EF72A0F11001914204D82168CB
:10934000C860002001E000BF01204FF00111A166BC
:109350000021C4E91D1170BD02209142B7D188E7F8
:1093600001209142B3D184E7B0B500250446816560
:10937000A0F85C20C0F890502220C4F88C00D4F8EB
:10938000800000283ED048F2ED6C48F6010EC0F691
:10939000000CC0F6000EA368C0E918CE48F2115CBC
:1093A000C0F6000CB3F5805FC0F868C0C56604D194
:1093B0002369B3FA83F35B099A4090F850301B0697
:1093C0000AD4256893B205F1240C0A466146F7F7E2
:1093D000F7FF78B916E000BF436F5BB11B684BB174
:1093E00092B225689A6005F12402C3E90321F7F7D8
:1093F000B7FD38B11020C4F890002020C4F88C00CC
:109400000120B0BD206928B3206850E8000F216812
:1094100040F4807041E80002E2B1206850E8000F9B
:10942000216840F4807041E800029AB1206850E859
:10943000000F216840F4807041E8000252B12068BA
:1094400050E8000F216840F4807041E80002002AD3
:10945000DAD100BF206850E8020F216840F0010017
:1094600041E80202BAB3206850E8020F216840F0D8
:10947000010041E8020272B3206850E8020F21683F
:1094800040F0010041E802022AB3206850E8020FD0
:10949000216840F0010041E80202002ADAD11AE016
:1094A000206850E8020F216840F0400041E80202C5
:1094B000DAB1206850E8020F216840F0400041E82E
:1094C000020292B1206850E8020F216840F040008B
:1094D00041E802024AB1206850E8020F216840F0DA
:1094E000400041E80202002ADAD10020B0BD0000AD
:1094F0008165A0F85C20A0F85E20816800234367A6
:1095000071B1B1F1805F07D0B1F5805F0ED1016913
:1095100051B940F2FF110AE0016919B13F2106E09B
:10952000016909B17F2102E0FF2100E00021A0F8DC
:1095300060100021C0F890102221C0F88C1000BFEC
:10954000016851E8021FD0F800C041F001014CE869
:109550000213F3B1016851E8021FD0F800C041F0D6
:1095600001014CE80213A3B1016851E8021FD0F8D1
:1095700000C041F001014CE8021353B1016851E809
:10958000021FD0F800C041F001014CE80213002B8B
:10959000D6D1416EB1F1005F03D1B0F868108A42B4
:1095A00040D282680169B2F5805F07D1002947D0B7
:1095B00048F6F141C0F60001416707E048F6F14284
:1095C000C0F600020029426740D000BF016851E8A0
:1095D000001F026841F4907142E80013002B00F074
:1095E000B680016851E8001F026841F4907142E8BA
:1095F0000013002B00F0AB80016851E8001F0268E7
:1096000041F4907142E80013002B00F0A080016843
:1096100051E8001F026841F4907142E80013002BEA
:10962000D4D194E082680169B2F5805F38D1002915
:1096300062D048F6A961C0F60001416736E000BF7C
:1096400048F61D01C0F60001416700BF016851E8FE
:10965000001F026841F0200142E80013002B76D081
:10966000016851E8001F026841F0200142E8001340
:10967000002B6CD0016851E8001F026841F0200106
:1096800042E80013002B62D0016851E8001F026815
:1096900041F0200142E80013002BD7D157E000BF72
:1096A00048F6A962C0F60002426759B3016851E862
:1096B000001F026841F4807142E8001313B301688F
:1096C00051E8001F026841F4807142E80013CBB1F9
:1096D000016851E8001F026841F4807142E80013FC
:1096E00083B1016851E8001F026841F4807142E8CB
:1096F0000013002BDAD105E048F6D111C0F60001C5
:10970000416700BF016851E8021F026841F08051C3
:1097100042E80213DBB1016851E8021F026841F020
:10972000805142E8021393B1016851E8021F0268B8
:1097300041F0805142E802134BB1016851E8021F29
:10974000026841F0805142E80213002BDAD1002078
:1097500070470000D0F8881021290FD1B0F85610BA
:1097600071B1016D036831F8022B6FF35F229A62C9
:109770000165B0F856100139A0F85610704700BFC7
:10978000016851E8001F026821F0800142E80013DF
:109790008BB3016851E8001F026821F0800142E8A4
:1097A000001343B3016851E8001F026821F08001F3
:1097B00042E80013FBB1016851E8001F026821F084
:1097C000800142E80013002BDAD114E0016851E86F
:1097D000001F026841F0400142E80013002B08BF5F
:1097E0007047016851E8001F026841F0400142E8FB
:1097F0000013002BC2D0016851E8001F026841F03D
:10980000400142E80013002BB8D0016851E8001F66
:10981000026841F0400142E80013002BD6D1ADE7C9
:10982000D0F8881021296AD1B0F86A1019B966E019
:1098300001390A0463D0B0F856209AB10268D3699E
:109840001B06F5D5D0F850C03CF8023B6FF35F2300
:109850009362C0F850C0B0F85620013AA0F85620E4
:10986000E6E700BF016851E8021F026821F4000129
:1098700042E8021383B3016851E8021F026821F431
:10988000000142E802133BB3016851E8021F02687D
:1098900021F4000142E80213F3B1016851E8021F0C
:1098A000026821F4000142E80213002BDAD113E030
:1098B000016851E8001F026841F0400142E80013CE
:1098C000002B08BF7047016851E8001F026841F093
:1098D000400142E8001393B1016851E8001F02689B
:1098E00041F0400142E800134BB1016851E8001F0C
:1098F000026841F0400142E80013002BD8D17047C4
:10990000D0F8881021290DD1B0F8561061B1016D41
:10991000036811F8012B9A620165B0F856100139FD
:10992000A0F85610704700BF016851E8001F026898
:1099300021F0800142E800138BB3016851E8001F59
:10994000026821F0800142E8001343B3016851E846
:10995000001F026821F0800142E80013FBB101689A
:1099600051E8001F026821F0800142E80013002B3B
:10997000DAD114E0016851E8001F026841F04001AB
:1099800042E80013002B08BF7047016851E8001F30
:10999000026841F0400142E80013002BC2D0016888
:1099A00051E8001F026841F0400142E80013002B1B
:1099B000B8D0016851E8001F026841F0400142E858
:1099C0000013002BD6D1ADE7D0F88810212968D13B
:1099D000B0F86A1019B964E001390A0461D0B0F82E
:1099E00056208AB10268D3691B06F5D5D0F850C05D
:1099F0001CF8013B9362C0F850C0B0F85620013A01
:109A0000A0F85620E8E700BF016851E8021F02688D
:109A100021F4000142E8021383B3016851E8021FF8
:109A2000026821F4000142E802133BB3016851E8E7
:109A3000021F026821F4000142E80213F3B1016839
:109A400051E8021F026821F4000142E80213002BD2
:109A5000DAD113E0016851E8001F026841F04001CB
:109A600042E80013002B08BF7047016851E8001F4F
:109A7000026841F0400142E8001393B1016851E8E7
:109A8000001F026841F0400142E800134BB1016839
:109A900051E8001F026841F0400142E80013002B2A
:109AA000D8D170472DE9F041804600681546C2695B
:109AB0000E461140891BB1FA81F149098D4223D12B
:109AC000069C2CB3611C29D1C1693140891BB1FAB4
:109AD00081F149098D4217D1C1693140891BB1FA21
:109AE00081F149098D420FD1C1693140891BB1FA19
:109AF00081F149098D4207D1C1693140891BB1FA11
:109B000081F149098D42DFD00020BDE8F08100BF1E
:109B1000F7F76EFF0320BDE8F08100BF1F4607E0A6
:109B2000C0693040801BB0FA80F040098542EBD11B
:109B3000F7F75EFFC01BA04284BF0320BDE8F081A1
:109B4000D8F8000001684907EAD5402E18BF802EDA
:109B5000E6D0C169090700F1A180C1690905DFD517
:109B60004FF400610162D8F8000050E8000FD8F807
:109B7000001020F4907041E800020AB3D8F8000009
:109B800050E8000FD8F8001020F4907041E800026F
:109B9000B2B1D8F8000050E8000FD8F8001020F457
:109BA000907041E800025AB1D8F8000050E8000F68
:109BB000D8F8001020F4907041E80002002AD2D1B9
:109BC0004FF6FE70CEF6FF70D8F8001051E8021F75
:109BD000D8F80020014042E80213F3B1D8F8001091
:109BE00051E8021FD8F80020014042E80213A3B157
:109BF000D8F8001051E8021FD8F80020014042E8D0
:109C0000021353B1D8F8001051E8021FD8F8002011
:109C1000014042E80213002BD6D1D8F86C0001288D
:109C20002CD1D8F8000050E8000FD8F8001020F030
:109C3000100041E800020AB3D8F8000050E8000F15
:109C4000D8F8001020F0100041E80002B2B1D8F8B6
:109C5000000050E8000FD8F8001020F0100041E894
:109C600000025AB1D8F8000050E8000FD8F80010F0
:109C700020F0100041E80002002AD2D1202000216B
:109C8000C8F88C00C8F86C10C8F87410C8F89000B8
:109C9000032088F88410BDE8F08100BF082101622C
:109CA000D8F8000050E8000FD8F8001020F49070A9
:109CB00041E800020AB3D8F8000050E8000FD8F8D5
:109CC000001020F4907041E80002B2B1D8F8000012
:109CD00050E8000FD8F8001020F4907041E800021E
:109CE0005AB1D8F8000050E8000FD8F8001020F45E
:109CF000907041E80002002AD2D14FF6FE70CEF6F5
:109D0000FF70D8F8001051E8021FD8F80020014079
:109D100042E80213F3B1D8F8001051E8021FD8F856
:109D20000020014042E80213A3B1D8F8001051E826
:109D3000021FD8F80020014042E8021353B1D8F8BE
:109D4000001051E8021FD8F80020014042E8021339
:109D5000002BD6D1D8F86C0001282CD1D8F80000FF
:109D600050E8000FD8F8001020F0100041E8000281
:109D70000AB3D8F8000050E8000FD8F8001020F01F
:109D8000100041E80002B2B1D8F8000050E8000F1E
:109D9000D8F8001020F0100041E800025AB1D8F8BD
:109DA000000050E8000FD8F8001020F0100041E843
:109DB0000002002AD2D12020C8F88C0000200821FF
:109DC000C8F86C00C8F87400C8F8901088F88400CF
:109DD0000120BDE8F081000040F26870C2F200008E
:109DE000FAF734BC40F2FC70C2F20000FAF72EBC65
:109DF000B0B540F69004C2F200042046FAF726FC03
:109E00002068C169C90658BFB0BD10210162204653
:109E1000FAF7B4FAD4F8800040F624240068C2F2BD
:109E20000004806CC0F11E002080F7F7E1FD40F2D5
:109E3000A021C2F2000140F29D220860218800208A
:109E4000C2F20002107040F2B220C2F20000C1B3B0
:109E50000278A52A36D0012936D0C1F1010C0B1F9A
:109E6000C1F1000E002405E004341CEB0401A3F151
:109E7000040329D002195178A52902D1D91C172928
:109E80001AD20EEB04018D1C1ED09578A52D02D19F
:109E90009D1C162D12D8CD1C16D0D578A52D02D11B
:109EA0005D1C162D0CD804310ED01179A529DBD1FB
:109EB000162BD9D9101D04E0501C02E0901C00E0C4
:109EC000D01C1721FDF73CFD40F6900040F2B22176
:109ED000C2F20000C2F200011E22BDE8B040FBF752
:109EE000F1B8000040F27C41C2F200010869B8B943
:109EF00040F24840C2F20000007888B940F2D440F5
:109F0000C2F20000006840F26661884214BF01217D
:109F1000002140F22820C2F200004160704700BFDB
:109F200040F22820C2F2000002780023042A436095
:109F300028D8DFE802F0032311190900CA68012AB2
:109F400022D1012101707047CA68042343708AB38B
:109F500001210170704700BF8A6802234370CAB1B3
:109F600003210170704700BF09680322427049B1A4
:109F70000421017000210161704700BF496801227E
:109F80004270D9B9704700BF8A68012A08D10321FD
:109F90000170704709680029F4D0042101707047EE
:109FA0004A68012A0AD00A680121012A08BF04214F
:109FB000017070474968002908BF7047022101708D
:109FC00070470000FEE700004EF60C50BFF34F8FC5
:109FD000CEF200000168042201F4E061C0F2FA52FE
:109FE00011430160BFF34F8F00BF00BF00BF00BF30
:109FF000FAE7000070B540F2E435C2F2000595F9C9
:10A000000B00B5F85C10E88205F15400298300F0DC
:10A0100087FD40F2D446C2F20006D6E90D13B5F82A
:10A020005420306CC91A914204D9904202D20120C6
:10A030000EE000BFB5F85820002392B291424FF0D5
:10A04000000188BF0121904238BF012301EA0300CB
:10A0500040F6E414A5F85C00C2F2000440F2EC10F3
:10A0600004F12002C2F200002146FCF715FF00288F
:10A0700000F0C080012829D1297F002001F0FE03D3
:10A08000F16C228C6873706C91422B7703D8336D1E
:10A090001B1A934244D2628C914203D8736D1B1AEF
:10A0A00093423DD2A28C914203D8B36D1B1A9342C6
:10A0B00036D2E28C914203D8F36D1B1A93422FD211
:10A0C0004FF0000C238D99422FD932E0687B411C60
:10A0D00004286973C0F08E80287F002440F00100BE
:10A0E00028770020C4F20224687320464FF4807160
:10A0F0000022F7F777FC6420F7F7B6F920464FF413
:10A1000080710122F7F76EFC4FF4FA70F7F7ACF9A3
:10A11000FDF7CEF8E97AB5F85C0000296ED070E062
:10A120004FF0010C238D994203D8326E121A9A42D5
:10A130001AD2638D994203D8726E121A9A4213D2C0
:10A14000A38D994203D8B26E121A9A420CD2E38DB3
:10A15000994205D8F26E121A9A4228BF4FF0010CAC
:10A16000238E994205D908E04FF0010C238E9942C5
:10A1700003D8326F121A9A421AD2638E994203D8C8
:10A18000726F121A9A4213D2A38E994203D8B26FF9
:10A19000121A9A420CD2E38E994203D8F26F121A25
:10A1A0009A4205D28CF0010C238F994205D909E01F
:10A1B0004FF0000C238F994204D8D6F88020121A51
:10A1C0009A4215D2638F994204D8D6F88420121A85
:10A1D0009A420DD2A38F994204D8D6F88820121A39
:10A1E0009A4205D2E38F994236D9BCF1000F3DD196
:10A1F0000120E872E97AB5F85C0011B9EA8A012A0F
:10A2000003D020B92A8B012A01D10122AA73012986
:10A2100018BF01280AD1297B01200029A87218BF84
:10A2200070BDA96B0131A963287370BDA87B01289B
:10A230000AD1A88A411CC828A98209D30020A87283
:10A24000A882A87370BD00BF0020A872287370BDDB
:10A250000120A87270BD00BFD6F88C10081A00212A
:10A26000984238BF012111EA0C0FC1D00020E872DA
:10A27000E97AB5F85C000029C0D0C2E710B540F219
:10A280000000C2F200000068002818BF052801D1B4
:10A2900010BD00BF02281BD140F2E430C2F2000022
:10A2A000418B4A1C6529428308D300214183002049
:10A2B000C4F202204FF40071F7F78CFB00F080F835
:10A2C00040F24820C2F200000021016010BD00BF32
:10A2D00000240128C4F202241ED140F29C20C2F2C4
:10A2E00000000078C0B1FFF785FE40F2E430C2F212
:10A2F0000000807A01280FD120464FF4007100221F
:10A30000F7F770FB04F580604FF400510022BDE8C0
:10A310001040F7F767BB00BF20464FF400710122E1
:10A32000F7F760FB04F580604FF400510122BDE8AF
:10A330001040F7F757BB000040F2D400C2F2000013
:10A3400040F2000CC2F2000C0168DCF800000129A8
:10A35000CCF8040004D00023CCF8003029E000BF82
:10A36000431E18BF0123021F18BF0122134209D147
:10A3700040F24822C2F200021268012A02D10223EE
:10A3800011E000BF40F22C22C2F200021368012843
:10A3900001BF012B0420CCF800007047042808BF3F
:10A3A000002B0BD101239842CCF8003018BF00F0ED
:10A3B000C3BB01291CBF002800F0CABB70470000C6
:10A3C0002DE9F04F85B040F2E43BC2F2000BDBF820
:10A3D0002C0090BBDBF84000092819D80BF1540081
:10A3E00000F09EFB48BB40F2D441C2F20001BBF832
:10A3F00054000A6C824220D8C96B81421DD9DBF817
:10A400002410DBF840200844CBF82400501C12E054
:10A41000DBF82410B1FBF0F040F2D441C2F20001AD
:10A42000CBF82400486300F053FF0120CBF82C0048
:10A430000020CBF82400CBF84000DBF830000028E7
:10A4400040F0B682DBF83C000A2880F0698140F6D3
:10A45000E414C2F2000440F2EC1004F12002C2F253
:10A4600000002146FCF718FD012840F0A18240F2CF
:10A47000D440C2F20000C16C228CC06B914211D852
:10A4800090420FD340F6241C40F66416C2F2000C32
:10A49000C2F20006DCF80070336801371A44CCF8C9
:10A4A00000703260628C914211D890420FD340F616
:10A4B000241C40F66416C2F2000CC2F20006DCF85E
:10A4C0000470736801371A44CCF804707260A28C6F
:10A4D000914211D890420FD340F6241C40F66416E6
:10A4E000C2F2000CC2F20006DCF80870B368013753
:10A4F0001A44CCF80870B260E28C914211D89042B4
:10A500000FD340F6241C40F66416C2F2000CC2F2CF
:10A510000006DCF80C70F36801371A44CCF80C70B4
:10A52000F260228D914211D890420FD340F6241C44
:10A5300040F66416C2F2000CC2F20006DCF810709D
:10A54000336901371A44CCF810703261628D914240
:10A5500011D890420FD340F6241C40F66416C2F284
:10A56000000CC2F20006DCF81470736901371A445B
:10A57000CCF814707261A28D914211D890420FD321
:10A5800040F6241C40F66416C2F2000CC2F200062B
:10A59000DCF81870B36901371A44CCF81870B2614E
:10A5A000E28D914211D890420FD340F6241C40F620
:10A5B0006416C2F2000CC2F20006DCF81C70F369EB
:10A5C00001371A44CCF81C70F261228E914211D8E6
:10A5D00090420FD340F6241C40F66416C2F2000CE1
:10A5E000C2F20006DCF82070336A01371A44CCF856
:10A5F00020703262628E914211D890420FD340F6A1
:10A60000241C40F66416C2F2000CC2F20006DCF80C
:10A610002470736A01371A44CCF824707262A28ED7
:10A62000914211D890420FD340F6241C40F6641694
:10A63000C2F2000CC2F20006DCF82870B36A0137DF
:10A640001A44CCF82870B262E28E914211D890423E
:10A650000FD340F6241C40F66416C2F2000CC2F27E
:10A660000006DCF82C70F36A01371A44CCF82C7021
:10A67000F262228F914211D890420FD340F6241CEF
:10A6800040F66416C2F2000CC2F20006DCF830702C
:10A69000336B01371A44CCF830703263628F9142C9
:10A6A00011D890420FD340F6241C40F66416C2F233
:10A6B000000CC2F20006DCF83470736B01371A44E8
:10A6C000CCF834707263A28F914211D890420FD3AC
:10A6D00040F6241C40F66416C2F2000CC2F20006DA
:10A6E000DCF83870B36B01371A44CCF83870B263B9
:10A6F000E28F91420FD890420DD340F62410C2F25F
:10A70000000040F66413C16BC2F20003DF6B01313D
:10A71000C163B818D863DBF83C00013046E100BFE4
:10A7200040F62417C2F20007396840F66414C2F2FA
:10A73000000419B12068B0FBF1F020607A681AB10A
:10A740006068B0FBF2F06060BB681BB1A068B0FB52
:10A75000F3F0A0600093FB681BB1E068B0FBF3F07E
:10A76000E0600491396919B12069B0FBF1F0206112
:10A7700001917969039319B16069B0FBF1F06061EF
:10A78000BB691BB1A069B0FBF3F0A061FE691EB10B
:10A79000E069B0FBF6F0E061D7F820A0BAF1000F55
:10A7A00003D0206AB0FBFAF02062D7F824E00296CA
:10A7B000BEF1000F03D0606AB0FBFEF06062D7F814
:10A7C00028C0BCF1000F03D0A06AB0FBFCF0A0626F
:10A7D000FD6A1DB1E06AB0FBF5F0E062386B18B1BC
:10A7E000266BB6FBF0F62663D7F83490B9F1000F6C
:10A7F00003D0666BB6FBF9F66663D7F83880B8F11C
:10A80000000F03D0A66BB6FBF8F6A663FF6B1FB173
:10A81000E66BB6FBF7F6E66342B359B3BEF1000F41
:10A820002DD0B9F1000F2FD0009991B3ABB3039A9B
:10A83000BCF1000F37D0029BB8F1000F39D004995A
:10A84000E1B3019900293ED0BAF1000F40D00028B1
:10A8500042D0002A44D0002B46D0002D48D0D4F856
:10A8600038E0002F4AD0E06B04904BE0A2686260B1
:10A870000029D3D1A1696161BEF1000FD1D1A16AD4
:10A880006162B9F1000FCFD1A16B6163009900291A
:10A89000CCD16168A160002BC9D16169A161039A23
:10A8A000BCF1000FC7D1616AA162029BB8F1000F31
:10A8B000C5D1616BA16304990029C2D1616821608F
:10A8C00001990029C0D161692161BAF1000FBED19F
:10A8D000616A21620028BCD1606B2063002ABAD172
:10A8E000A068E060002BB8D1A069E061002DB6D16E
:10A8F000A06AE062D4F838E0002FB4D1C4F83CE09C
:10A90000CDF810E0DBF8448094E80016D4E9035257
:10A9100008EB090757446744636940F2D4412F4468
:10A92000C2F2000117441F44C1E917524B66D4E933
:10A930000623D4E90E608A66226ACB66636AC1E99F
:10A940002260D4E906060A67A26A4B67E36A8A674F
:10A95000226BCB67636B3844304401F15006C1E988
:10A960002023D4E9081286E800160844A16A10449E
:10A97000E26A0844216B1044626B08441044049955
:10A98000704408440009CBF8440000F0A1FC012009
:10A99000CBF8300020464021F5F7C6FC40F62410E5
:10A9A000C2F200004021F5F7BFFC0020CBF83C00CC
:10A9B000DBF82C00012806D1DBF83000012804BFA9
:10A9C0000120CBF8200005B0BDE8F08F80B54EF235
:10A9D000180140F2D002CEF20001C2F2000251F89A
:10A9E00004CC12684DF68363C4F21B33A2FB03232D
:10A9F0009A0C00FB02F0002300EB80004FEA400EAF
:10AA0000086809E003449B1A824228BF63447345E7
:10AA1000104628BF80BD00BF0A688242F2D10A6892
:10AA20008242EFD10A688242ECD10A688242F3D0B6
:10AA3000E8E70000F6F718BD40F2E431C2F2000189
:10AA4000887A012822D180B50020088240F228208F
:10AA5000C2F2000040F2292C0A7F0078C2F2000CFA
:10AA60009CF8003002F07F0E022881F81CE008BF3D
:10AA7000042B2DD0032808BF042B29D001284FF028
:10AA8000000008BF042B33D080BD00BF40F2282057
:10AA9000C2F2000002780020012AA1F80F0026D19E
:10AAA00040F22922C2F200021378042B18BF70472B
:10AAB000487C132805D8431C4B74012309281370C4
:10AAC00010D3087F40F0800008770120088270478B
:10AAD000002002F03F02C8730A7704218CF80010AE
:10AAE00080BD00BF087F00F07F000877002070471E
:10AAF000CB7B01208CF8000003F1010C5FFA8CF392
:10AB00000A2B81F80FC005D34EF0400208740A7773
:10AB100080BD00BF02F03F000877002080BD00002C
:10AB2000014640F2A820C2F20000026843680020FB
:10AB30000A604B607047000040F6900040F2D80178
:10AB4000C2F20000C2F2000109220A23FAF7A6BCF1
:10AB500040F6900040F2E101C2F20000C2F20001B2
:10AB600009220A23FAF79ABC00200021704700004E
:10AB700080B584B09C460B4664210291410040F2AE
:10AB8000D0600092C2F200001A460223CDF804C041
:10AB9000F6F7D6FF002818BF4FF0FF3004B080BD95
:10ABA00080B584B09C460B4664210291410040F27E
:10ABB000D0600092C2F200001A460223CDF804C011
:10ABC000F7F7DCF8002818BF4FF0FF3004B080BD65
:10ABD000FDF724BB86B0D5480DF1080C0190D3A039
:10ABE000031D0ECB006940F200488CE80E00C4F251
:10ABF00002280590F7F7CCFAFDF70CFAFBF75EFF99
:10AC0000FBF714FFFCF710F8FCF73CF84FF47A70F0
:10AC1000F6F72AFCFBF7D0FFFDF7B6FAFCF7AEF823
:10AC200000F01AFBFCF712F8FCF7EEF840F690067D
:10AC3000C2F200063046F9F7E7FCFBF711FF404689
:10AC4000102100220024F6F7CDFEA8F580694846C1
:10AC50004FF480710022F6F7C5FE4FF4FA70F6F754
:10AC600003FC404610210122F6F7BCFE48464FF493
:10AC700080710122F6F7B6FE4FF4FA70F6F7F4FB96
:10AC800040F22477C2F200073846F7F76DFA4FF426
:10AC90007A70F6F7E9FB3846F7F766FAFCF7B4F88E
:10ACA000FCF706FBFFF748FF40F29C25C2F20005C7
:10ACB0002F4647F8164F304639461E22BC83BC61EA
:10ACC0007C613C61FC60BC607C60FAF7FBF9306839
:10ACD000016841F010010160F6F78AFE47F8120C96
:10ACE00040462021002207F8154CF6F77BFE40F283
:10ACF000687007F11E01C2F200001E224FF4C873F3
:10AD0000FAF75CF9002840F009810122002009E0EF
:10AD1000122800F103004FF0000238BF012215286D
:10AD200000F08480291891F83430AC2B24D191F8AC
:10AD30003530012B20D191F83630122B1CD191F8EF
:10AD40003730232B18D191F83830342B14D191F8A7
:10AD50003930452B10D191F83A30562B0CD191F85F
:10AD60003B30672B08D191F83C30782B04D191F817
:10AD70003D30892B5AD000BF91F83520AC2A23D121
:10AD800091F83620012A1FD191F83720122A1BD1C1
:10AD900091F83820232A17D191F83920342A13D179
:10ADA00091F83A20452A0FD191F83B20562A0BD131
:10ADB00091F83C20672A07D191F83D20782A03D1E9
:10ADC00091F83E20892A33D091F83620AC2A9FD1C1
:10ADD00091F83720012A9BD191F83820122A7FF46C
:10ADE00097AF91F83920232A7FF492AF91F83A2057
:10ADF000342A7FF48DAF91F83B20452A7FF488AF49
:10AE000091F83C20562A7FF483AF91F83D20672AC1
:10AE10007FF47EAF91F83E20782A7FF479AF91F8E5
:10AE20003F1089297FF474AF02E000BFD00775D0CE
:10AE300040F2FC15C2F200052878012873D13220B7
:10AE4000F6F712FB404620210122F6F7CBFD40F237
:10AE50006870C2F2000001A914220523FAF71EFB54
:10AE60004046202100220024F6F7BCFD2878012866
:10AE700059D140F22476C2F200063046F7F774F951
:10AE800048464FF400710022F6F7ACFD00F0B6FC26
:10AE9000FFF79EFE404620210022F6F7A3FD40F674
:10AEA000B220C2F20000008840F6A821C2F20001E0
:10AEB000014440F26870C2F200000122FAF758F92A
:10AEC000404608210022F6F78DFD40F25840C2F2BC
:10AED0000000008840F27141C2F20001014440F2DA
:10AEE000FC70C2F200000122FAF742F940F2483544
:10AEF00040F25037C2F20005C2F20007286801286C
:10AF000002D12C6000F084FC38680128F6D13C6046
:10AF1000FFF712FE3046F7F727F9EFE740F2FC1093
:10AF2000C2F20000047000F00BF800BFCCCFCFCF0E
:10AF300000010203CFCF040506CFCF070809CFCF0A
:10AF400040F20044C4F20224FBF7D2FEFBF716FFE6
:10AF500020464FF4005100220026F6F743FDA4F5E9
:10AF600080604FF400710122F6F73CFD40F224703E
:10AF7000C2F20000F7F7F8F80220FFF727FD20469D
:10AF800008210022F6F72EFD0220FFF71FFD40F2F8
:10AF9000FC7040F62821C2F20000C2F2000101223A
:10AFA000FAF7E6F8FCF7BEFF40F2D44440F244352D
:10AFB00040F29C2840F2004B40F2483940F24C3AB3
:10AFC00040F25037C2F20004C2F20005C2F200089B
:10AFD000C2F2000BC2F20009C2F2000AC2F200077C
:10AFE00037E000BF4FF0FF3151FA80F0B0FA80F047
:10AFF000400980009BF8001001F0FB0108438BF82A
:10B000000000F6F7F5FC40F26041C2F20001096869
:10B01000401A9BF800100009CA060A4658BF42F0C1
:10B0200010027C2840F25C30C2F20000007898BF29
:10B030000A4622F002010138B0FA80F0400941EAE4
:10B0400040008BF8000040F22470C2F20000F7F7D5
:10B050008BF8606822283DD01128FAD140F24030A8
:10B06000C2F200000068012802BF40F24030C2F284
:10B07000000006602868012802D12E6000F08AF9DD
:10B08000D9F80000012807D1C9F80060FEF72AFFAF
:10B09000F5F742FC00F00EFADAF80000012808BFCC
:10B0A000CAF8006038680128D3D13E60FFF744FD3C
:10B0B000F6F79EFCD8F80410411A98F80100B1F593
:10B0C0007A7F8FD301068DD1012088F801000420FA
:10B0D00090E700BF40F24030C2F200000068012853
:10B0E00002BF40F24030C2F200000660286801282A
:10B0F0003CD1206840F2666188422E6004D1012074
:10B1000088F800002AE000BF40F20040C4F20220AC
:10B110004FF48051F6F758FCB0FA80F1490988F8ED
:10B12000001048B19BF80000A8F8026000F0DF00B2
:10B130008BF80000012012E0B8F8020045F6C05379
:10B14000411C8AB29BF800009A42A8F8021034BF52
:10B1500000F0DF0040F020008BF80000002040F2FB
:10B160002C21C2F200010860FFF788F8D9F800002E
:10B17000012803D1C9F80060FFF7DEF8DAF8000013
:10B18000012808BFCAF80060386801287FF461AF61
:10B190003E60FFF7D1FCF6F72BFCD8F80410411AFB
:10B1A00098F80100B1F57A7F06D3010604D1012099
:10B1B00088F80100042007E04FF0FF3151FA80F0D9
:10B1C000B0FA80F04009800040F25C329BF8001039
:10B1D000C2F20002127821F006010843511EB1FAB2
:10B1E00081F1490940EA41002BE700002DE9F041D7
:10B1F00040F23C00C2F20000D0E90382D0E90B54D7
:10B20000D0E9086700F1140E40F2D4419EE80850DE
:10B21000806AC2F20001C1E9038201F11402C1E9AE
:10B220000B5482E80850C1E908678862BDE8F04124
:10B2300000F04EB880B540F2D44040F23C01C2F27A
:10B240000000C2F20001343034315C22F5F753F8CB
:10B25000BDE8804000F03CB8B0B54EF20004C0F646
:10B260000004204600F088F9013011D040F2685502
:10B27000C2F2000520462946262200F04BF940F292
:10B28000D440C2F2000029469422F5F734F8B0BD4C
:10B2900040F2D44040F23C01C2F20000C2F2000190
:10B2A0009422F5F728F8BDE8B04000F011B800008E
:10B2B00080B540F2D44040F23C01C2F20000C2F23C
:10B2C00000019422F5F717F8BDE88040AFF3008045
:10B2D0002DE9F04140F2685840F2D445C2F200082E
:10B2E000C2F20005404629469422F5F704F8D5E954
:10B2F00000C105F10807DCCFE86961441144194435
:10B3000021443144394405F1200700EB010C8ECF74
:10B31000D5E90C64614411441944D5E90E0E394451
:10B320003144214405F1400708448ECF0EEB000C58
:10B330006144D5E9146411441944D5E9160E394421
:10B340003144214405F1600708448ECF0EEB000C18
:10B350006144D5E91C6411441944D5E91E0E3944F1
:10B360003144214405F1800708448ECF70440844DD
:10B370001044D5F890601844384433184EF2000059
:10B38000C0F6000041462622C8F89430BDE8F041DE
:10B3900000F0F4B810B540F20000C2F200000068FE
:10B3A000052818BF002809D10020C4F202204FF45C
:10B3B00000710022BDE81040F6F714BB02281BD133
:10B3C00040F24824C2F200042168012914D100206F
:10B3D000C4F202204FF40071F6F7FCFA40F2282084
:10B3E000C2F20000007800F0FD00012808BFF5F768
:10B3F00081F90020206010BD40F24C230228C2F2E7
:10B40000000313D11968012910D10020C4F20220D1
:10B410004FF40071F6F7DEFA40F2E430C2F20000B9
:10B4200000218164BDE81040F4F7EEBF042835D058
:10B43000012818BF10BD00200024C4F202241860A7
:10B44000FCF760F9FFF7F8FA40F2E430C2F20000CE
:10B45000017C012912D0807A01280FD120464FF4B7
:10B4600000710022F6F7BEFA04F580604FF4005137
:10B470000022BDE81040F6F7B5BA00BF20464FF4F1
:10B4800000710122F6F7AEFA04F580604FF4005126
:10B490000122BDE81040F6F7A5BA00BF0024002045
:10B4A000C4F202204FF4007101221C60BDE810407C
:10B4B000F6F798BA40F2D401C2F2000140F200005F
:10B4C000C2F200000A680168012A41600ED140F210
:10B4D0002C22C2F200021268012908BF012A09D0F9
:10B4E000042908BF002A09D0704700BF002101606D
:10B4F000704700BF04210160704700BF0121016057
:10B5000070470000C2B20020C4F202204FF4004194
:10B51000F6F768BA002A08BF704710B502F0030CAE
:10B5200093084FF0000212D0A2EB830EA1F110039A
:10B530000468043A43F8104F446896455C60846898
:10B540009C60C46800F11000DC60F1D15242BCF193
:10B55000000F0ED00368BCF1010F41F8223008D073
:10B56000436801EB8201BCF1020F4B601CBF806895
:10B570008860BDE810407047006870472DE9F04FC3
:10B5800087B0814600F17840B0F5001F4FF0000011
:10B59000CDE90400CDE9020000F2DD8019F00300DE
:10B5A00040F0D980002614460D46C0F60106F6F795
:10B5B0005DFDF6F7A1F84FF60C00C0F6FF0000881D
:10B5C000314638B14FF6FF71884231461CBF410207
:10B5D00001F1006109EB8407894507D2C9F34831BD
:10B5E000B7F1006F019135D24AE000BF314638B162
:10B5F0004FF6FF71884231461CBF410201F10061E4
:10B60000894521D306F5803130B14FF6FF72904263
:10B610001CBF810201F10061894515D24FF600611E
:10B62000C0F23F0101EA09014FF4803220B14FF628
:10B63000FF73984218BF4202891A490BB7F1006F95
:10B6400001911DD306E000BF4FF0FF31B7F1006F4D
:10B65000019115D3314638B14FF6FF71884231461A
:10B660001CBF410201F100618F4209D24BF6FF710C
:10B67000C0F2070101EA5731324678BB36E000BF1D
:10B68000314638B14FF6FF71884231461CBF410246
:10B6900001F100618F421DD306F5803130B14FF6C4
:10B6A000FF7290421CBF810201F100618F4211D2F2
:10B6B0004FF60061CFF2FF7139404FF4803220B174
:10B6C0004FF6FF73984218BF4202891A490B32465F
:10B6D00020B90BE04FF0FF31324638B14FF6FF7220
:10B6E000904232461CBF420202F10062914503D2F1
:10B6F0004FF0010820E000BF50B14FF6FF729042BA
:10B7000032461CBF420202F10062914503D211E0B1
:10B71000324691450ED306F5803230B14FF6FF73B5
:10B7200098421CBF800200F10062914502D24FF0A6
:10B73000020801E04FF0FF38701E81454FF0010014
:10B7400038BFB9450AD3002818BF002C2AD1F5F715
:10B7500035FFF6F7ADFC07B0BDE8F08F01980DF1AD
:10B76000180B081A00F1010A00204E4603E000BF42
:10B770000436BE420FD231680131F9D00420CDE940
:10B78000020801985946CDE9040A02A8F5F780FE9F
:10B790000028EED10020B0FA80F04009002818BF40
:10B7A000002CD4D0022049462A46F5F715FF09F1AE
:10B7B0000409013C05F10405F4D1C8E780B5FFF7A1
:10B7C000BBF9FFF7B9F9FFF7B7F940F2A821C2F2C8
:10B7D00000010888002804BF002080BD40F20C0250
:10B7E0008988C2F200021072000A5072080A91722F
:10B7F000D072FFF7ADF9012080BD000040F200409B
:10B80000C4F202204FF400510022F6F7EBB800001A
:10B8100010B540F25464C2F200042078002818BF2A
:10B8200010BD40F20040C4F202204FF48051F6F700
:10B83000CBF80138B0FA80F04009207010BD00004C
:10B84000F0B581B040F22027C2F200073888002806
:10B8500074D040F29244C2F2000440F2EC1604F1BB
:10B860002005C2F2000600BF013038803046214674
:10B870002A46FBF711FBC1B2012902D03888002803
:10B88000F2D101294FF0000059D1228E4FF6E75C2A
:10B89000511E8BB20027634534BF01270246668ED6
:10B8A00095B2721E91B20122634538BF02226145F2
:10B8B00028BF0646A18E28BF3A4615FA86F34E1ECB
:10B8C000B6B2664528BF0146E78E38BF013213FA8B
:10B8D00081F17B1E9BB2634528BF0746238F38BF8B
:10B8E000013211FA87F15F1EBFB2674528BF0346D8
:10B8F000678F38BF013211FA83F17B1E9BB263451B
:10B9000028BF0746A38F38BF013211FA87F15F1EA7
:10B91000BFB2674528BF0346E78F38BF013211FA2F
:10B9200083F17B1E9BB2634538BF384611FA80F025
:10B9300038BF0132B0FBF2F001E000BF002040F25E
:10B940000C01C2F20001020AA1F8110048738A73C7
:10B95000C87301200A7401B0F0BD02E008C8121FCC
:10B9600008C1002AFAD170477047002001E001C1E8
:10B97000121F002AFBD170470000000000000000E9
:10B980000102030406070809000000000102030485
:10B99000010002000400060008000A000C0010006C
:10B9A000200040008000000100C1814001C08041B2
:10B9B00001C0804100C1814001C0804100C181407F
:10B9C00000C1814001C0804101C0804100C181406F
:10B9D00000C1814001C0804100C1814001C080415F
:10B9E00001C0804100C1814001C0804100C181404F
:10B9F00000C1814001C0804100C1814001C080413F
:10BA000001C0804100C1814000C1814001C080412E
:10BA100001C0804100C1814001C0804100C181401E
:10BA200000C1814001C0804101C0804100C181400E
:10BA300000C1814001C0804100C1814001C08041FE
:10BA400001C0804100C1814000C1814001C08041EE
:10BA500001C0804100C1814001C0804100C18140DE
:10BA600000C1814001C0804100C1814001C08041CE
:10BA700001C0804100C1814001C0804100C18140BE
:10BA800000C1814001C0804101C0804100C18140AE
:10BA900000C1814001C0804100C1814001C080419E
:10BAA00001C0804100C1814000C0C101C30302C286
:10BAB000C60607C705C5C404CC0C0DCD0FCFCE0EEE
:10BAC0000ACACB0BC90908C8D81819D91BDBDA1A5E
:10BAD0001EDEDF1FDD1D1CDC14D4D515D71716D6CE
:10BAE000D21213D311D1D010F03031F133F3F2323E
:10BAF00036F6F737F53534F43CFCFD3DFF3F3EFEAE
:10BB0000FA3A3BFB39F9F83828E8E929EB2B2AEA1D
:10BB1000EE2E2FEF2DEDEC2CE42425E527E7E6268D
:10BB200022E2E323E12120E0A06061A163A3A262FD
:10BB300066A6A767A56564A46CACAD6DAF6F6EAE6D
:10BB4000AA6A6BAB69A9A86878B8B979BB7B7ABADD
:10BB5000BE7E7FBF7DBDBC7CB47475B577B7B6764D
:10BB600072B2B373B17170B05090915193535292BD
:10BB700096565797559594549C5C5D9D5F9F9E5E2D
:10BB80005A9A9B5B99595898884849894B8B8A4A9D
:10BB90004E8E8F4F8D4D4C8C44848545874746860D
:10BBA000824243834181804001010103070100007B
:10BBB0000804020408010101D8BB000800000020AD
:10BBC00028020000AC03000840BD00082802002045
:10BBD000200F00006AB9000832011AFF0112011299
:10BBE000060312CC1F0312CC2F29345A100932221B
:10BBF000325223FC0832C84BA00F08E91023780505
:10BC00005A64181A2C38291829086924290C291C67
:10BC1000093A04512C90D003A02CA50320071B0245
:10BC20006E09320213466E00FF0091E3720796E43C
:10BC3000750E9FED7C0998EA7B1C8DFF6E1B8AF8C0
:10BC4000691283F1601584F66738A9DB4A3FAEDCE0
:10BC50004D36A7D54431A0D24324B5C75623B2C030
:10BC6000512ABBC9582DBCCE5F70E1930277E69490
:10BC7000057EEF9D0C79E89A0B6CFD8F1E6BFA88A0
:10BC80001962F3811065F4861748D9AB3A4FDEACE0
:10BC90003D46D7A53441D0A23354C5B72653C2B0D0
:10BCA000215ACBB9285DCCBE2FE0710392E7760410
:10BCB00095EE7F0D9CE9780A9BFC6D1F8EFB6A1840
:10BCC00089F2631180F5641687D8493BAADF4E3CA0
:10BCD000ADD64735A4D14032A3C45527B6C35220B0
:10BCE000B1CA5B29B8CD5C2EBF900173E297067490
:10BCF000E59E0F7DEC99087AEB8C1D6FFE8B1A6820
:10BD0000F9821361F0851466F7A8394BDAAF3E4C1F
:10BD1000DDA63745D4A13042D3B42557C6B322504F
:10BD2000C1BA2B59C8BD2C5E22CF1305B54208728B
:10BD30005B021301A91423D007720A00000000005F
:040000050800025994
:00000001FF
